Reviews,Sentiment
Máy chiếu ổn nhưng lâu lâu thì bị mờ và máy quạt thì chưa mát lắm ạ,negative
cơ sở vật chất khá tốt,positive
Máy chiếu nhất dãy C khá mờ và có vài phòng có máy quạt mà không hoạt động,negative
Nhờ giảng viên tận tình chỉ bảo giúp việc học các môn học tập tốt và hoàn thiện hơn.,positive
Phòng học rất nóng,negative
Mọi thứ đều ổn,positive
"thầy cô tận tình nên tốt ạ, còn máy chiếu thường bị lỗi kết nối máy tính không được ",negative
"Máy chiếu các giảng đường bị mờ, méo. Cănteen có con chó rất hôi",negative
"Nhà trường nên xem lại mốt số trang thiết bị tại cơ sở chính, vì có một số phòng học máy chiếu không hoạt động được ",positive
"Máy chiếu ở các phòng học khá mờ. Âm thanh không rõ. Máy quạt ở nhiều phòng bị hư, không đủ mát.",negative
"Máy chiếu khá mờ. Âm thanh không rõ. Phòng học nóng do có nhiều máy quạt hư, quạt yếu",negative
môn toán khá khó tuy nhiên nhờ giảng viên em có thể học tốt,positive
"Các môn chuyên ngành còn học nhiều lí thuyết ít thời gian thực hành. Giáo viên hướng dẫn thực tập cho sinh viên còn nhiều vấn đề. Trang thiết bị: máy chiếu của nhiều phòng học còn mờ, phòng học nóng do quạt hư, đường truyền kết nối internet của nhà trường cho sinh viên sử dụng thì không ổn định ",negative
Tất cả các môn học rất khó nhưng nhờ sự tận tình của giảng viên nên kết quả học tập của em rất tốt,positive
"Trường hầu như các trang thiệt bị cũng đã cũ, hư hỏng nhiều rất ảnh hưởng đến quá trình học và giảng dạy. Giảng viên thì có người chấm điểm không rõ ràng, cổ hữu với ý kiến của bản thân em không tiện nói nhưng rất nhiều sinh viên bức xúc. ",negative
Em thấy mọi thứ đều ổn chư phải ở mức tốt và vấn đề học phí là tệ nhất,negative
"Mọi thứ rất tốt giảng viên dạy tận tình dễ hiểu, cơ sở vật chất khá ổn ",positive
Máy chiếu khá mờ,positive
Máy quạt bị hư quá nhiều và máy chiếu không thấy rõ,negative
"Môn học phần Kiến Trúc Máy Tính và Hợp Ngữ, học phần Nguyên Lý Hệ Điều Hành là hai môn khó dù giảng viên giảng rất chi tiết nhưng tốc độ giảng dạy khá nhanh em mong giảng viên có thể giảng chậm lại một chút",positive
Dạ giảng viên của trường đều dạy tốt,positive
"Phòng học khá nóng, máy chiếu mờ, môn Thống kê ứng dụng trong nông nghiệp và Phì nhiêu rất khó",negative
"Thầy cô dạy dễ hiểu, bạn bè hoà đồng thân thiện hay giúp đỡ nhau trong học tập.",positive
"Theo em thấy chương trình đào tạo của ngành BVTV chưa được ổn lắm ạ, có nhiều môn tụ em cảm thấy rất cần thiết nhưng lại không được học như kỹ thuật ra hoa và nấm ăn nhiều môn liên quan đến thực tế mà tụ em không được học",negative
Âm thannh không rõ. Đăng ký học phần thì phần mềm bị lỗi rất lâu mới đăng kí được,negative
Phòng học hơi nóng,positive
Cũng ổn rất tận tình,positive
Chương trình là vậy rồi em có góp ý thì cũng vậy thôi,negative
Màng hình chiếu không được rõ nét,positive
Máy chiếu khá mờ. Phòng học rất nóng ở cơ sở chính,negative
"Công tác coi thi không chặc chẽ, cán bộ coi thi thiếu chuyên nghiệp, còn nhiều trường  hợp để cho sinh viên thảo luận trong giờ thi. Mày chiều thì mờ, âm thanh không có hoặc nhỏ. Còn lại thì khá tốt.",negative
Không có vấn đề gì ạ,positive
Cửa sổ không có màng che nên máy chiếu khá là mờ hầu như chả thấy gì,negative
Giảng viên rất tốt và nhiệt tình. Âm thanh tốt. Máy chiếu còn vài cái mờ và hư,positive
Nhiều máy chiếu không thể mở được,negative
"Csc âm thanh chưa tốt , máy chiếu dễ xảy ra hiện tượng không kết nói, phòng học tạm ổn, cần cải thiện môi trường học cho sv ạ Cs2 thì đkvc rất tốt, mát mẻ , không gian rộng ",negative
"Máy chiếu khá mờ, ngồi xa không thấy chữ. Cần vệ sinh máy chiếu trong phòng học",positive
"Máy chiều mờ . Phòng học nóng , quạt máy hay bị hư",negative
Nhờ Giảng viên tận tình nên kết wuả học tập của e rất tốt,positive
"Máy chiếu trong phòng học khá mờ và một vài phòng có âm thanh không rõ ràng. Ngoài ra, phòng học cũng rất nóng. Em hy vọng rằng trường sẽ cải thiện điều này để tạo một môi trường học tập tốt hơn cho sinh viên.",negative
Máy tính phòng học với một số thiết bị đã bị hỏng nhìu máy xảy ra lổi mong nhà trường xem xét,negative
môn cơ học lý thuyết khó nhưng thầy cô ân cần giảng dạy,positive
Ko có  vấn đề gì,positive
Phòng học rất nóng,negative
"Giảng viên giảng dạy ân cần, thân thiện, tận tình với sinh viên. Phòng học thoáng mát, ánh sáng tốt, máy chiếu hiện khá rõ ",positive
Thầy cô giảng dạy nhiệt tình. Dễ tiếp thu tuy nhiên vẫn có một vài môn giảng dạy còn mơ hồ. Phòng học nóng. Vệ sinh kém.,negative
"máy chiếu mờ, âm thanh không rõ, phòng học nóng",negative
môn học kiến trúc hợp ngữ rất khó tuy nhiên nhờ thầy tạo điều kiện cái thiện điểm nên kết quả học tập của em đã được cải thiện,positive
"Phòng học hơi nóng, có một số máy quạt bị hỏng",negative
"Gọi là ""các nước đang phát triển"" là bởi vì trình độ khkt, lực lượng sản xuất, kinh tế,... kém, nhưng còn có khả năng tiến bộ, có tiềm năng tương lai. Chương trình học mà em đang học (sp Ngữ văn) bị cũ và lạc hậu so với các trường khác (đh Cần Thơ, đh Sài Gòn, chưa so với SPHCM). Chương trình học còn bị rút ngắn, giảm bớt đi kiến thức. Tích cực là sinh viên có thể nhanh chóng ra trường, tiến hành thực tế giảng dạy, nhưng không bằng sinh viên trường khác chính là không bằng. Có lẽ vì k22 đã là khoá sư phạm cuối. Giảng viên có tiêu chuẩn thấp, tích cực là để sinh viên dễ học tập, không áp lực điểm số, nhưng khoảng cách sinh viên giỏi và thường bị thu hẹp vô lí. Giảng viên cũng tự lược bớt nội dung học so với đề cương chi tiết, chủ yếu phục vụ cho thi với kiểm tra. Đã thiếu giảng viên, nên em ít gặp giảng viên tốt. Ví dụ của thầy về phòng học là chính xác, hơn nữa còn nghiêm trọng ở cơ sở chính. Ai cũng chấp nhận và ngồi học, và ai cũng hiểu là trường mình không bằng trường khác, đơn giản lướt fb, tiktok là thấy. Phần mềm qldt cũng không tốt, không đáp ứng được thao tác, không đáp ứng được nhu cầu lập khht, đkhp. Chức năng thi online, đánh giá học phần, khht, dkhp... thiết kế tạm bợ, không tiện lợi. Hoạt động phong trào mà em đã tham gia ở csc hầu hết đều không mang lại hiệu quả, không mang lại lợi ích, không mang lại kĩ năng mềm,...như đã được phía tổ chức giới thiệu. Cái gì câu lạc bộ chỉ có lác đác mười mấy người, ngồi trong giảng đường bấm đt, cuối giờ chụp hình lấy minh chứng để cộng điểm, có clb mở ra cả năm không hoạt động. Có cuộc thi, lễ gì đó thì nhất định phải có 2,3 cái văn nghệ (tất nhiên rồi), sau đó nội dung chóng vánh rồi thoáng câu giờ, rồi kết thúc, được điểm rèn luyện, tinh thần cũng sáo rỗng, làm cho có ý nghĩa là được. Vì sao năm nào cũng có hoạt động trồng cây trước văn phòng hội? Vì năm trước trồng xong không ai tưới, năm nay héo lại tiếp tục trồng. Khách quan mà thấy cũng không ảnh hưởng, nhưng dần về sau ý thức của sinh viên bị bào mỏng, đối với hoạt động, phong trào đều cảm thấy không có ý nghĩa, không có ghi nhận ngày công tác thì ai sẽ tham gia? Tổ chức hấp dẫn thì đã khác, nhưng chúng ta không làm được, hi vọng sau này sẽ làm được. Đội vmhd, đội nghi lễ làm việc tốt nhưng tinh thần thì không có, vì giao cho sinh viên quản lí. Vô số tranh luận về đội vmhđ trên tgu confessions. Quy định trang phục cũng không tốt, so với trường khác đã không thoải mái bằng, thực tế thấy cũng hiểu là bất cập. Tinh thần sinh viên, đặc biệt trong một trường đại học có nhiều ngành nghề, đều phải mặc áo sơ mi có ý nghĩa sao? Nữ sinh mặc áo thun còn kín đáo hơn áo sơ mi mỏng lộ cả nội y, bắt gặp thầy giáo nọ nhìn chằm chằm, chưa từng có ai lên tiếng phải không? Tóm lại, vào trường để học thì thật tốt, nhưng để làm sinh viên thì chưa.",negative
Vật chất thì em thấy cái gì cũng được cái dưới khó quá nên em sẽ chọn positive e thì lưng chừng ở giữa,positive
"Một số phòng học, trang thiết bị như máy chiếu mờ, có lúc bị giật, kết nối lâu hoặc không kết nối được cần sự giúp đỡ của các thầy hỗ trợ, loa có lúc nhỏ hoặc không có âm thanh, phòng học nóng, cần trang bị một số rèm che ở cửa sổ để tránh ánh nắng.  ",negative
Rất tốt,positive
Phòng học nóng,negative
"Thiết bị dụng cụ dạy tốt, thầy cô dạy tận tình",positive
"- Dạ em xin chân thành góp ý, cụ thể như sau: Một là, Thầy (Cô) giảng viên rất chu đáo và tận tình chỉ bảo, hướng dẫn sinh viên trong quá trình học tập và thi cử; Hai là, chương trình đào tạo phù hợp và trải rộng theo theo lượng kiến thức chuyên ngành đối với từng học kỳ, tuy nhiên riêng ngành Cơ điện tử em mong nhà trường có thể đào tạo chuyên sâu từ 4 đến 5 năm thay vì 3,5 năm như hiện nay, lý do là vì ngành này tổng hợp rất nhiều kiến thức và đòi hỏi thông thạo các kỹ năng khá cao; Ba là, lập kế hoạch và đăng ký học phần bằng web rất thuận tiện và tiết kiệm thời gian, tuy nhiên em nhận thấy rằng trong quá trình đăng ký học phần thường xuyên xảy ra tình trạng đứng web, lỗi hiển thị học phần khi đăng ký và em mong nhà trường có thể khắc phục sự cố này một cách tối thiểu nhất ạ; Bốn là, giờ thi phù hợp, Thầy (Cô) giảng viên phát đề đúng giờ và kết quả thi rất ưng ý, khá đúng theo thực lực sinh viên; Năm là, trang thiết bị phục vụ học tập đầy đủ và khá chất lượng, tuy nhiên vẫn có một số trang thiết bị hoạt động chưa tốt nên em mong nhà trường có thể bảo dưỡng, bảo trì thường xuyên và nếu cần thiết có thể lắp đặt trang thiết bị mới để tăng hiệu quả học tập đối với sinh viên và cả hiệu suất giảng dạy đối với Thầy (Cô) giảng viên; Sáu là, hoạt động phong trào rất sôi nổi, náo nhiệt và thu hút đại đa số sinh viên tham gia, tiêu biểu như chiến dịch ""Thanh niên tham gia tình nguyện Hè"", chiến dịch ""Tiếp sức mùa thi"" và em mong rằng những chiến dịch ý nghĩa như thế được phát huy mạnh mẽ và mang tiếng vang lớn hơn trong những năm tiếp đến. Dạ em trân trọng gửi lời cảm ơn đến quý Thầy đã xem và đọc những góp ý của em ạ, một lần nữa em xin chân thành cảm ơn quý Thầy rất nhiều ạ !",positive
Đổi hệ thống thiết bị máy chiếu mới ạ,negative
Máy chiếu khá mờ đôi khi Máy chiếu không hoạt động,negative
"Phòng học khá nóng, giáo viên dạy tận tình, dễ hiểu,tuy hơi nghiêm khắc nhưng rất quan tâm sinh viên ",positive
"Đăng kí học phần lâu không thể vào được qldt để đăng kí, lớp học phần thiếu chỗ cho sinh viên cần đăng kí, môn tự chọn nhưng không được chọn",negative
Tốt,positive
Môn học tiện có một số bài khó nhưng nhờ có giảng viên hướng dẫn nhiệt tình nên kết quả học tập của em đã đạt được điểm cao.,positive
Nhà trường bắt phải đăng kí học phần theo lớp đã làm em không thể tự lập thời gian cá nhân,negative
Đúng,negative
Môn học kế toán tài chính rất khó tuy nhiên nhờ giảng viên tận tình nên kết quả học tập của em rất tốt.,positive
"Máy chiếu mờ, phòng học nóng",negative
"Giảng viên ở nhiều môn dạy khá nhanh, sinh viên cần được giảng dạy chậm để có thể hiểu rõ hơn cũng như nắm bắt kịp được những kiến thức mới mà sinh viên lần đầu được tiếp xúc. ",negative
Tốt,positive
Không có gì ý kiến gì phàn nàn .nhờ giảng viên nên em có kết quả trất tốt,positive
"Máy chiếu mờ, phòng học khu K ở một số lớp quạt không sử dụng được.",negative
"Khi học tập ở trường em thầy phòng học ở trường rất gọn gàng , sạch sẽ, giáo viên tận tình, giảng dạy rất tâm quyết.Tuy nhiên em thấy máy chiếu của trường khá mờ đôi lúc em thấy máy chiếu chưa chiếu rõ nội dung bài.",positive
"Phòng học rất nóng, máy chiếu khá mờ",negative
Máy chiếu khá mờ. thầy Huỳnh Quán Chi rất tận tâm khi giảng,positive
"Phòng học nóng do máy quạt hư nhìu Phần mềm qlđt quá kém đk học khó khăn , trường nên xây dựng nhà thi đấu đa năng để sv có chỗ chơi thể thao ạ vì sân trường gió nhìu ko chơi cầu lông được.",negative
Máy chiếu khá mờ. Âm thanh lúc lớn lúc nhỏ. Phòng học rất nóng.,negative
Môn Giải tích 3 khá khó hiểu nhưng nhờ giảng viên tận tình nên kết quả học tập của em khá tốt.,positive
"Máy chiếu khá mờ, nếu học có âm thanh thì khá chói tai, quạt bị hư",negative
"Những kiến thức được giảng dạy thì khá là hữu ích, tuy nhiên đối với một số  môn học nên cần được thay đổi tài liệu để phù hợp hơn với tình hình thực tế. Sinh viên cần được áp dụng những kiến thức thực tế và phụ hợp với hiện trạng thực tế. Kết quả đánh giá điểm rèn luyện cần được cố vấn học tập kiểm tra kỹ hơn, sinh viên còn nhiều bất mãn trong việc chấm điểm rèn luyện và thường có những điều bất mãn với nhau khi cùng làm nhưng điểm rèn luyện lại khác nhau. Đăng kí học phần thì phần mềm khá chậm, sinh viên đăng kí không được thường khá hoang mang. ",positive
"Em hài lòng với mọi lĩnh vực mà em được tiếp xúc ở trường, em cảm ơn thầy cô rất nhiều ",positive
Phòng học nóng và các môn học ngoài trời k đáp ứng đc nhu cầu học tập cho sv vd như học cầu lông 1 và 2 đi học mà giống đi thả diều gió thổi rất lớn a hưởng tới việt học và kiểm của sv . 4 giảng đường xây dựng rất phí vì sử dụng không hết  nếu đc thì nhà trường nên bỏ 1 cái để xây sân học cầu lông cho sv và nhầm tạo điều kiện cho sv giải trí sao giờ học căng thẳng bằng môn thể thao đó là cầu lông.,negative
Các thiết bị trong trường đều tốt chỉ có mái tính trường có vài cái xài k đc hoặc hay bị lỗi,positive
"Trang thiết bị như: máy móc, dụng cụ vv để có thể thực hành có quá ít",negative
"Máy chiếu không rõ hay xảy ra một số vấn đề, loa của một số phòng bị rè không nghe rõ, quạt của một số phòng ko sử dụng được, vào buổi chiều các phòng trên lầu 1, 2 Dãy B số chẵn rất nắng rèm che không sử dụng được. Tuy nhiên nhà trường có đội ngũ giảng viên tận tâm lắng nghe và thấu hiểu ý kiến của sinh viên đưa ra các giải pháp giúp sinh học tập tốt hơn, hỗ trợ sinh viên trong các sự cố về vấn đề học tập ",positive
"Thầy cô dạy học tận tình, phòng học rộng, sạch sẽ tuy nhiên trong kỳ học quân sự, kính ở cửa phòng vệ sinh phòng tắm quá rõ ở ngoài có thể nhìn thấy gây nhiều ảnh hưởng",negative
Môn học ABC rất khó tuy nhiên nhờ giảng viên tận tình nên kết quả học em rất tốt.,positive
Phòng học rất nóng có vài phòng hư quạt,negative
Đồ ăn căn thức uống căn tin chưa phong phú,positive
"Thầy cô dạy học tận tình, phòng học rộng, sạch sẽ tuy nhiên trong kỳ học quân sự, kính ở cửa phòng vệ sinh phòng tắm quá rõ ở ngoài có thể nhìn thấy gây nhiều ảnh hưởng",negative
Có lớp loa bị hư,positive
"Máy chiếu lâu lâu bị hỏng, TV thì hơi chập chờn lúc tắt lúc bật trong lúc đang giảng,",negative
"Máy chiếu mờ, phòng học thì hơi nóng, ánh sáng đủ thiết bị âm thanh tệ",negative
Môn học Giải tích rất khó nhờ sự giảng dạy nhiệt tình và phương pháp học tập rõ ràng giúp e dễ tiếp thu bài nên kết quả học tập e khá tốt,positive
"Giáo viên nhiệt tình, tâm huyết",positive
"Máy chiếu mờ, phòng học nóng",negative
Giảng viên rất tận tình giúp đỡ sinh viên khi học tập tại trường,positive
"Máy chiếu khá mờ, có những phòng rất mờ, giảng viên ko dùng tới máy chiếu luôn",negative
Có phòng âm thanh không tốt,negative
Rất tốt không thấy thay đổi gì,positive
Có những môn học rất khó tuy nhiên nhờ giảng viên  tận tình chỉ dạy nên kết quả học tập của em rất tốt.,positive
TV dùng để trình chiếu khá bất tiện vì tụi em ko thể chỉ được trên TV bằng remote,negative
"Giảng viên nhiệt tình, bạn bè hòa đồng và dễ thương, việc học tập thi cử, tham gia các hoạt động đối với em là tốt!",positive
Phòng học nóng máy chiếu mờ,negative
"Phòng học thoáng mát, có máy chiếu phục vụ cho việc học ",positive
Tốn nhiều thời gian khi học máy chiếu,negative
"Phòng học có đôi lúc cửa sổ khó mở, quạt hư nên rất nóng, có một số môn lớp em được sắp xếp tại phòng khá nhỏ mặt dù vừa đủ sinh viên có chỗ ngồi nhưng lớp em có hai nhóm khi các bạn xin đổi buổi học khi có việc thì phòng học trở nên chật làm cho không khí ngột ngạt khó tiếp thu bài",negative
Phòng học rất nóng,positive
"Máy chiếu khá mờ, loa hư nhiều, bàn ghế cũ. Giảng viên thân thiện, rất tâm lý với sinh viên, tâm huyết với nghề.",positive
"Máy chiếu phòng có âm thanh , phòng thì không có , web trường vào những lúc đăng ký học phần rất lag và , lúc lập kế hoạch học phần thì có môn nhưng lúc đăng ký thì lỗi mất môn , nói chung web trường rất tệ",negative
"Giảng viên nhiệt tình, một số máy chiếu ở một số phòng học còn mờ, phòng học còn nóng. trường không có các câu lạc bộ hay các hoạt động phù hợp với các bạn sinh viên như các chương trình văn nghệ hay hoạt động ngoại khoá  ",negative
"Máy chiếu khá mờ. Âm thanh không rõ. Phòng học rất nóng, thiếu ánh sáng",negative
nhiều giảng viên dạy rất nhiệt tình,positive
"Máy chiếu thì có những phòng còn hơi mờ, âm thanh còn hơi bị rè, có những phòng không bật quạt được. Mục đăng kí học phần thì vẫn còn bị trục trặc, thầy cô thì 1 số người còn hơi gắt đối với sinh viên  ",negative
Trang thiết bị phòng học tốt,positive
Môn Nhập môn toán cao cấp rất khó so với sức em + giảng viên truyền đạt hơi cao siêu so với tầm hiểu biết của em nên môn học này có lúc êm hiểu lúc không.,negative
Thầy cô rất tận tình chỉ dạy tụi em. Giúp em hiểu bài hơn với mấy môn khó hiểu. Về trang thiết bị thì có phòng máy chiếu khá mờ và quạt trần bị hư phòng học trở nên rất nóng,positive
Phòng học rất nóng,negative
"Phòng học rộng, mát mẻ, thoáng.",positive
Các phòng thực hành còn thiếu nhiều dụng cụ nhưng giảng viên cũng đã bổ sung nên cũng tương đối đầy đủ,positive
Phòng máy tính khá cũ cần được nâng cấp thiết bị máy tính để thích hợp cho việc học tập,negative
Phòng học rất nóng,positive
"Phòng máy lúc nóng lúc nực, giảng viên cũng hoà đồng nhưng giảng không hiểu lắm ",negative
"Giảng viên ở trường dạy học rất tận tình, truyền đạt kiến thức dễ hiểu và rất thân thiện",positive
"Phòng học quá nóng, đặc biệt là khi học chiều, có 1 số phòng máy chiếu mờ",negative
Máy chiếu còn mờ nhiều và thiếu ánh sáng,positive
"Máy chiếu khá mờ, phòng học buổi trưa nắng chiếu vào rất nóng",negative
Không gian phòng học rất thoáng mát,positive
"Trang web quản lí đào tạo ở trường học còn kém ạ nên em mong thầy cô sẽ khắc phục tình trạng này để sinh viên chúng em đăng kí học phần tốt hơn, nhanh hơn ạ  ",negative
Máy chiếu mờ có phòng thấy rõ có phòng thì không thấy được,negative
"Thời gian đầu em cảm thấy môn học nào cũng rất khó, thầy cô nào cũng không dễ. Nhưng sau 1 thời gian học tập tại trường em dần nhận ra không có môn học nào quá khó, cũng như thầy cô nào cũng rất muốn sinh viên của mình nắm vững kiến thức và đạt kết quả thật tốt. Tuy nhiên có thầy cô thì giúp trực tiếp vào các buổi học, chỉ dạy tận tình. Có những thầy cô âm thầm giúp đỡ hỗ trợ những trang thiết bị thêm cho sinh viên, giúp đỡ về kiến thức ngay cả khi không có giờ giảng dạy trên lớp vẫn lên lớp cho những sinh viên cần. Em cảm thấy rất tuyệt vời",positive
Giảng viên tận tình chỉ dẫn nên kết quả học tập của em rất tốt.,positive
Máy chiếu khá mờ hay bị sự cố không chiều được,negative
Môn sinh hóa,positive
Phòng học nóng. Máy chiếu mờ,negative
Tốt,positive
"Thầy cô dạy học tận tình, phòng học rộng, sạch sẽ tuy nhiên trong kỳ học quân sự, kính ở cửa phòng vệ sinh phòng tắm quá rõ ở ngoài có thể nhìn thấy gây nhiều ảnh hưởng",negative
Máy chiếu có phòng k chất lượng,positive
"Máy chiếu mờ, phòng học nóng, loa nghe không rõ  ",negative
"có nhiều phòng máy chiếu bị mờ có cái không sử dụng được , quạt cũng có phòng không sử dụng được",negative
Dán decal các phòng chưa có để máy chiếu rõ hơn,positive
"Các môn học tại trường được giảng viên giảng rất dễ hiểu và chi tiết.Phòng học cũng rất rộng rãi và đầy đủ trang thiết bị,chỉ là đôi khi vào mùa nắng thì hiệu suất của quạt và các tấm rèm che kính hay cửa đôi khi không đạt đủ hiệu quả.Máy móc thiết bị của trường cũng đầy đủ và dễ sử dụng,nhưng đôi khi vấn đề gặp ở máy chiếu như dậy cáp kết nối,loa,màn hình vẫn có lỗi,gây gián đoạn cho quá trình học tập ạ.",positive
"Tại cơ sở chính máy chiếu một số phòng khá mờ, âm thanh ở một số phòng ở dãy C nghe không rõ hoặc không nghe được",negative
"Máy chiếu khá mờ. Âm thanh không tốt. Phòng học rộng rãi, đủ ánh sáng",positive
"Tại cơ sở chính máy chiếu một số phòng khá mờ, âm thanh ở một số phòng ở dãy C nghe không rõ hoặc không nghe được",negative
"Giảng viên tận tình , phòng học nóng",positive
"Phòng học rất nóng, âm thanh không rõ",negative
"Cơ sở vật chất đáp ứng được nhu cầu của sinh viên, tuy nhiên còn một số hạn chế như: diện tích nhà xe không đủ dẫn đến sinh viên phải dựng xe ngoài trời.  ",negative
Giảng viên giảng bài rất tận tình,positive
"Giáo viên hướng dẫn trong học tập dễ hiểu tận tâm, vì thế em rất yêu quý và có kết quả học tập tốt.",positive
trang thiết bị nhà trường khá tốt tuy nhiên về trình chiếu thì khá mờ gây khó khăn trong việc quan sát của sinh viên và một số phòng học âm thanh kém,negative
Cách dạy của giáo viên ảnh hưởng nhiều đến kết quả học tập,positive
"Phòng học rất nóng, mic thường bị hỏng",negative
Máy chiếu khá mờ,negative
"Máy chiếu tốt, âm thanh rõ",positive
Em rất đồng ý,positive
"Phòng học rất nóng. Nắng nóng chiếu thẳng vào phòng học, máy chiếu không được rõ, mờ nhòe",negative
Phòng học rất nóng,negative
"Trường sạch, Nhà vệ sinh sạch, thầy cô dạy giỏi.",positive
" Trong thời gian học tập tại trường việc khiến em cảm thấy mệt mỏi và khó chịu nhất chính là việc phải đi nộp các loại Đơn (chẳng hạn như: Đơn xin đăng ký học phần bổ sung, Đơn xin phúc khảo bài thi,...). Em nghĩ không chỉ riêng em mà còn rất nhiều bạn sinh viên khác cũng  gặp tình trạng tương tự. Chẳng hạn như sự việc em đã trải qua, trong một lần em đi nộp Đơn xin phúc khảo bài thi, sau khi đã đóng tiền tại Phòng hành chính em đã đến Trung tâm khảo thí phòng F201 để nộp. Người quản lý ở đó đã không chấp nhận với lý do Khoa của em nằm trên cơ sở TCN vì vậy em phải về đó nộp, em nghe vậy cũng chỉ đành về đó. Sau khi đến Trung tâm khảo thì ở TCN, người quản lý ở đó đã nạt em một trận với lý do ""Tại sao em không nộp dưới phòng F201  mà lại lên đây"". Lúc đó em bất lực đến mức muốn khóc, nếu không phải em chỉ còn một môn này là có thể tốt nghiệp thì em cũng không bỏ thời gian năm lần bảy lượt để nộp tờ đơn đó đâu. Người quản lý đó chẳng những không hỗ trợ lại còn lớn tiếng với em. Chỉ vì tụi em là sinh viên, chỉ vì tụi em thấp cổ bé họng, chỉ vì tụi em cần thiết phải phúc khảo nên tụi em phải bị đối xử như vậy ạ. Nếu Nhà trường không muốn phiền phức vậy thì mở Phúc khảo để làm gì?  Đôi lúc em thật sự không hiểu các phòng ban trong trường làm việc theo quy tắc nào, đưa tờ đơn đến phòng này thì bảo phải giải quyết ở phòng kia, đưa tờ đơn đến phòng kia thì bảo không nhận phải giải quyết ở phòng này. Đây là sự việc khiến em khó chịu nhất khi học tại trường ngoài ra mọi thứ khác đều ổn. Chân thành cảm ơn thầy đã lắng nghe ý kiến của em",negative
"Có 1 số phòng bàn hoặc ghế bị hư hỏng, phòng học nóng",positive
Máy chiếu khá mờ. Phòng học rất nóng vào buổi trưa tầm 1h - 3h. Phòng thực hành máy tính đa số máy cấu hình cũ nên máy chạy rất chậm và lâu lâu bị lỗi hoặc hỏng. Còn về đăng ký học phần thường xuyên bị tắc nghẽn mạng làm việc đăng ký rất chậm tốn nhiều thời gian.,negative
"Thầy cô rất nhiệt huyết,tận tình chỉ bảo cho sinh viên .Chương trình đào tạo cụ thể.Trang thiết bị ổn.Các phong trào,hoạt động rất sôi nổi",positive
Giảng viên tận tình nên kết quả rất tốt,positive
Phòng học rất nóng. Máy chiếu mờ,negative
"Phần lớn em thấy giảng viên trường rất tốt, rất tận tình quan tâm giúp đỡ sinh viên. Máy chiếu khá mờ thậm chí nhiều cái còn không sử dụng được.",positive
"Thứ nhất, các lớp học tiết 678, phòng học sẽ nóng hơn rất nhiều so với các lớp buổi sáng. Bên cạnh đó, một vài lớp có quạt trần bị hư, không hoạt động sẽ làm cho GV và SV khó chịu. Đó chính là lý do SV thường tranh nhau để đăng ký các lớp vào buổi sáng. Dẫn đến sỉ số SV tham gia lớp học negativenh lệch. Thứ hai, ảnh hưởng đến GV đứng lớp cũng cảm thấy oi bức và phải đổi lớp sang phòng học ở các tầng thấp hơn hoặc các dãy lớp cạnh căn tin để thuận tiện, dễ chịu hơn trong việc giảng dạy. Điều thứ ba, thư viện nằm khá xa so với các khu khác, vì vậy đã gây một vài bất lợi cho các bạn SV làm lớp trưởng, khi đăng ký mua sách của bộ môn cho cả lớp hoặc các SV có ca học trống, nhà xa,… muốn ở lại thư viện mượn sách hoặc tìm nơi yên tĩnh làm bài tập cũng còn nhiều e ngại. Nhà trường có thể lắp đặt mái che di động có bánh xe từ giảng đừờng đến thư viện để tạo sự thuận tiện cho SV và cả nhà trường trong việc tháo dỡ.",negative
"Một số phòng học máy chiếu mờ, âm thanh không rõ, phòng học nóng.",negative
Tốt,positive
"Môn học Anh văn rất khó nhưng nhờ giảng viên giảng dạy nhiệt tình, chu đáo mà em học tốt hơn ",positive
Phòng trên lầu  hơi nóng,negative
"Máy chiếu khá mờ , phòng học rất nóng ,,,",negative
"Phòng học khá nóng. Giảng viên nhiệt tình, dạy dễ hiểu",positive
"Máy chiếu hay bị hư, âm thanh thì lúc được lúc không, phòng nóng, tivi thì gần như là không sử dụng.",negative
"Theo em máy tính phòng máy đôi khi không bắt lên được, về học tập thì giảng viên chỉ dẫn rất nhiệt tình. Em xin hết.",positive
"Đường đi vào dãy phòng học rất nắng. Thư viện xa khu học tập, thang máy đông, trang thiết bị học tập phòng thí nghiệm hạn chế.",negative
Rất rõ,positive
Giáo viên giảng dạy tận tình,positive
Máy chiếu khá mờ,negative
Có phòng học máy chiếu khá mờ. Một vài phòng bị hư quạt. Trang qlđt của trường thường gặp vấn đề khi đăng kí học phần nên gặp rất nhiều khó khăn,negative
Phòng học nóng,positive
Mọi thứ đều ổn,positive
Một số môn học trong chương trình không sát với ngành và khả năng có được việc làm sau khi ra trường không cao. Một số ngành như văn học và sư phạm văn học đều không được giảng viên thuộc chuyên ngành khác tôn trọng.,negative
Máy chiều mờ. Phòng dãy B chiếu ánh nắng trực tiếp vào khá nóng,negative
Máy chiếu ở các phòng thấy rõ.âm thanh tạm ổn,positive
"máy chiếu khá mờ, phòng học nóng, phần mềm quản lí đào tạo đôi khi lỗi vào ra khó khăn, các hoạt động thiếu tính sáng tạo và tuyên truyền",negative
Phòng học nóng máy chiếu ko rõ,positive
giảng viên dạy rất dễ hiểu và tận tình,positive
Phòng học nóng có vài cái quạt hư không quạt được,negative
"Dạ mọi thứ đều rất tốt, em không có ý kiến ạ",positive
"Máy chiều mờ, nhỏ. Âm thanh không rõ. ",negative
"Giảng viên dạy tận tình, vui vẻ. Máy chiếu ổn",positive
Máy chiếu khá mờ,negative
"Có nhiều môn học khó nhưng giáo viên nhiệt tình dạy học. Giáo viên thoải mái với sinh viên, tạo cảm giác vui tươi hơn khi học ",positive
"Máy chiếu mờ nhỏ. Phòng học nóng do quạt hư, cơ sở vật chất thiếu điều hoà hồ bơi",negative
"Máy chiếu khá mờ, dãy học vào buổi chiều bị nắng chiếu vào rất nóng, micro lúc rõ lúc rè ",negative
Tốt,positive
"Máy chiếu mờ, dễ hư hỏng",negative
"Phòng học có phòng quạt hoạt động chưa tốt, yếu. Có phòng khi mưa lớn không có cửa sổ bị tạt vào. ",positive
"Máy chiếu khá mờ,phòng học rất nóng",positive
"Nên thêm nhiều máy mới ở phòng máy, nhiều máy bị đơ và hay bị lag",negative
"Phòng học nóng, âm thanh không rõ",negative
Máy chiếu mất tín hiệu,negative
"1 số phòng học rất nóng, máy quạt không an toàn. Máy chiếu không sử dụng được hoặc bị mờ khó học tập tốt . 1 số phòng bàn ghế không sử dụng được nhưng lại để trên lớp làm không gian chật ",negative
Giảng  viên tận tình giảng  dạy nhưng vấn đề  khó  của các  môn học,positive
"Máy chiếu rõ , âm thanh tốt, ánh sáng tốt,...",positive
"Việc đăng ký học phần khó khăn, hệ thống trường thường sập khiến em khó đăng ký ",negative
"Máy chiếu mờ, phòng học nóng, âm thanh không tốt ",negative
Trang thiết bị tốt,positive
"Cơ sở vật chất phòng máy không tốt, còn thiếu thốn nhiều. Một số giáo viên không nhiệt tình trong quá trình giảng dạy, một số giảng viên vẫn còn sử dụng cách giảng dạy bị động, không linh hoạt. Tổ chức sự kiện ở trường khó thu hút sinh viên.",negative
Cơ sở vật chất trong trường rất tốt nên vệc học tập và nghiên cứu tại trường đạt được nhiều thuận lợi,positive
"Máy chiếu mờ, âm thanh nhiều phòng không rõ, phòng học nên trang bị nhiều quạt hơn",positive
Phòng học rất nóng,negative
"Máy chiếu mờ, âm thanh không tốt, ",negative
Máy chiếu tốt .phòng học tốt,positive
Giảng viên rất quan tâm và hỗ trợ sinh viên còn thiết bị đôi khi bị lỗi nhưng không vấn đề gì,positive
"Phòng nóng,máy chiếu mờ",negative
"Các giảng đường có máy chiếu khá mờ,  rất nóng nực.",negative
Thầy cô dạy ở các môn rất nhiệt tình hỗ trợ học sinh ạ.  Phòng học thì còn những lớp rất nóng mong nhà trường hỗ trợ thêm máy lạnh ạ,positive
Máy chiếu mờ không rõ chữ,negative
Phòng học nóng,positive
Hệ thống loa một số phòng không hoạt động.,negative
"Một số phòng học máy chiếu rất khó nhìn làm cho chúng em cảm giác bị khó chịu về mắt. Tuy nhiên, thầy cô bộ môn đã đã đọc và giải thích, chúng em kết hợp với sách giáo trình nên kết quả học tập rất khả quan. ",positive
"Phòng nên trang bị thêm quạt, máy chiếu bị mờ không thấy bài",negative
Trang vật tư thiết bị rất tốt thầy cô giáo hướng dẫn nhiệt tình,positive
Máy chiếu mờ. Âm thanh luôn bị lỗi. Phòng học nóng,negative
tốt,positive
Nhờ thầy cô tận tình giảng dạy nên em đã đạt được kết quả học tập tốt hơn so với em mong đợi,positive
"Phòng học khá nóng, âm thanh ánh sáng cũng được, về việc học thì em thấy giảng viên dạy rất nhiệt tình nhưng em không cảm thấy thú vị và dễ dàng tiếp thu em thừa nhận là do năng lực của mình, nhưng em thật sự rất mong đợi sẽ có sự phá cách trong quá trình giảng dạy vì em cũng rất cố gắng trong việc học nhưng đã đến trường thì không chỉ cần cá nhân sinh viên nỗ lực là được. Em chỉ nêu lên cảm nhận của mình mong các giảng viên có thể hiểu và thông cảm cho em.",negative
Âm thanh ở 1 số phòng ở dãy B có lúc âm thanh rất rõ có lúc thì mất và không nghe được gì cả. Máy chiếu mờ và không nhìn rõ và bị lệch phần nội dung. Giảng viên đã sửa rất nhiều lần nhưng vẫn lệch. Tất cả giảng viên ở trường đều rất tận tình nên kết quả học tập của em cũng được cải thiện rất nhiều.,positive
Phòng học khá nóng,negative
"Giáo viên tận tình chỉ dẫn, nhiệt tình, vui vẻ giúp em có kết quả tốt trong học tập.",positive
Máy chiếu khá mờ. Âm thanh không rõ ở phòng dãy C.,negative
"Chiến dịch tình nguyện hè năm nay của trường tốt ,sinh viên được rèn luyện về bản thân                              tốt",positive
"Phòng học khá nóng, máy chiều mờ",negative
Phòng học nóng,negative
"Trong thời gian học tại trường, em thấy nhà trường đã tạo nhiều điều kiện thuận lợi cho sinh viên học tập. Tuy nhiên, trường còn ít tạo ra các thời gian vui chơi giải trí  ví dụ như những đêm ca nhạc, hay các hoạt động để sinh viên có thể lưu giữ những kỉ niệm khi còn đang trên ghế nhà trường ",positive
Máy chiếu khá mờ,positive
Về việc đăng ký học phần. Dạ em nghĩ là khi tiến hành đăng ký học phần. Nên chia ra mỗi khoa 1 ngày cho đỡ bị sập web với ít bị lỗi ạ. Đừng gộp lại như đợt vừa rồi ạ. Bị rất nhiều lỗi và tụi em đợi rất lâu mới đăng ký được.,negative
Da vâng dung,negative
Giảng viên giảng dạy tất cả các môn rất tận tình,positive
Khá tốt,positive
Môn Quản Trị Sản Xuất rất khó mong nhà trường xem xét cho thi đề mở. Quạt ở trường có một vài phòng bị hư mong nhà trường xem xét vì buổi trưa rất nóng.,negative
Giảng viên thân thiện,positive
"Máy chiếu khá mờ,  ",negative
Phòng học rất nóng,negative
"Máy chiếu mờ, phòng học nóng",negative
"Quan trọng hơn là có một môi trường học tập năng động, linh hoạt từ phía giảng viên và các bạn sinh viên",positive
"Máy chiếu mờ, âm thanh không rõ",negative
Môn Kinh tế vi mô và Thống kê kinh tế là 2 môn học rất khó hiểu và khó tiếp thu nhưng dưới sự giảng dạy cũng như chỉ bảo tận tình của thầy Ngô Thanh Phong nên kết quả học tập của tụi em được điểm số khá cao. Tụi em rất cảm ơn thầy nhiều ạ,positive
"Giảng viên rất tận tình , dãy F có phòng gạch bị phồng lên nên em mong nhà trường có cách khắc phục ạ ",positive
Giống như ví dụ,negative
"- Về phần mềm để đăng kí học phần chưa được tốt, còn gặp nhiều vấn đề trong việc đăng kí. Các thiết bị phòng học  như máy chiếu vẫn còn mờ, không rõ. Các thiết bị phòng máy bi tính hay bị lỗi, ảnh hưởng đến việc thực hành phòng máy. Các phong trào của trường chưa thật sự sôi nổi.",negative
Nhà trường rất tạo điều kiện cho học sinh,positive
Máy chiếu quá mờ và phòng rất rất nóng ở cơ sở Ấp Bắc,negative
"Phòng hơi nóng xíu, tuy nhiên nhà trường cũng tạo đk cho tụi e học tâp tốt. ",positive
"Môi trường học tập ở trường khá tốt ; thầy, cô hướng dẫn rất tận tình, tuy nhiên máy móc của những môn học thực hành còn nhiều máy móc cũ ",positive
Phòng học nóng,negative
"Máy chiếu hơi mờ khó nhìn, phòng học còn nóng nực. Hệ thống quản lý đào tạo dành cho sinh viên đăng ký học phần gặp nhiều khó khăn, chậm và mất thời gian của sinh viên ",negative
Môn toán cao cấp a2 tương đối khó nhưng nhờ giảng viên cho làm bài tập nhiều mà kết quả học tập của em trở nên tốt hơn.,positive
Em cảm thấy cơ sở vật chất của trường đầy đủ và đáp ứng nhu cầu học tập tốt,positive
Nhiều phòng học máy chiếu còn khá mờ âm thanh không rõ phòng học còn nóng,negative
Máy chiếu mờ,negative
Tất cả giảng viên dạy rất tận tình.trang thiết bị khá đầy đủ.khong gian xung quanh trường rất thoải mái.,positive
"Một số máy chiếu ở cơ sở chính thật sự rất mờ ạ, với cả âm thanh cũng không thật sự tốt.",negative
"Phòng học tối, máy chiếu một vài phòng thường trục trặc nhưng giáo viên nhiệt tình sửa chữa. Trong học tập giáo viên rất nhiệt tình, gần gũi, tận tâm",positive
"- Tất cả môn học trong chương trình của em đều tương đối, không quá khó, với sự hưỡng dẫn của giảng viên, và sinh viên chủ động trong học tập sẽ đạt được kết quả tôta",positive
Các môn về kinh tế nên cho sinh viên có trải nghiệm thực tế nhiều hơn.,negative
"Em cảm thấy máy chiếu, với thiết bị âm thanh phòng ,hay bị trục trặc trong quá trình thầy cô giảng dạy.",positive
"Máy chiếu khá mờ, tuy một số phòng có trang bị màn hình led nhưng khá nhỏ, gây khó khăn cho những dãy bàn ngồi xa máy của sinh viên. Âm thanh không rõ, một số phòng bộ phận âm thanh như loa bị hư khiến cho việc trải nghiệm các môn học bằng những phương tiện như âm thanh, hình ảnh từ video giảng dạy bị hạn chế. Một số phòng bị hư quạt khiến phòng khá nóng và nên trang bị rèm cửa ở tất cả các phòng",negative
Một số phòng học máy chiều mờ và phòng học khá nóng ạ,negative
Tốt,positive
Máy chiếu khá mờ,positive
Máy chiều mờ,negative
Các thiết bị điện ở phòng học còn lỏng lẻo ạ. Chui ghim máy tính có khi còn lỏng phải giữ mới hoạt động được.  Quạt ở dãy C có vài cái bị hư ạ.  Nếu được mong thầy cô khắc phục giúp chúng em đđể chúng em có thể tham gia học 1 cách thoải mái nhất ạ. Cảm ơn thầy cô,positive
Máy chiếu khá mờ,negative
Nhiều phòng âm thanh không được rõ,positive
Phòng học dãy H rất nóng,negative
Âm thanh chưa rõ,positive
Học phần nguyên lý hệ điều hành HK2_2022-2023 lớp 19 bạn đăng ký -- hủy lớp học phần bắt buộc... Ra trường trễ tiến độ cay @@@@,negative
"Giảng viên tận tình, phòng học khá rộng và thoải mái, trang thiết bị phục vụ tốt cho việc học.",positive
Máy chiếu khá mờ. Âm thanh không rõ. Phòng học rất nóng,negative
Không đánh giá ạ,positive
Máy chiếu mờ thường hay sử dụng không được,negative
máy chiếu các phòng dãy C khá mờ,negative
"Máy chiếu khá mờ và cũ, tuy ngồi bàn thứ 2 hoặc 3, nhưng ngồi với góc độ xéo em không thể nhìn rõ chữ trên máy chiếu.",positive
"Giảng viên có tận tình đến đâu mà trang thiết bị xuống cấp thì rất khó cho sinh viên tập trung, môn học sẽ trở nên nhạt nhẽo và chán nản",negative
"Máy chiếu hay bị lỗi, phòng nóng. Tuy nhiên thầy cô tận tình chỉ dạy",positive
"Không gian học tập khá nóng, cần lắp đặt thêm quạt máy",negative
trường oke,positive
"Một số phòng học quạt hư, k có rèm phòng học nắng chiếu vào nóng ",negative
"Phòng học khá nóng, khi mưa thì đèn trong lớp hơi mờ. Các thầy cô tận tâm giúp đỡ nhiệt tình.",positive
Cần gắn thêm màn che các phòng học TCN vì  buổi trưa nắng chiếu vào rất là nóng,negative
Thầy cô giáo rất thân thiện với sinh viên.Chương trình đào tạo phù hợp đối với em. Kế hoạch học tập lập suông sẻ. Đăng  ký học phần thì hơi chậm phải đợi vài tiếng mới đăng ký xong 1 môn. Đăng nhập vào tài khoản tgu vài lần mới vào được. Em cũng mong muốn là khi học xong tại trường ĐH Tiền Giang thì em sẽ có 1 việc làm ổn định và phù hợp với ngành của em đã chọn,positive
Khá ổn,positive
"Máy chiếu và loa dãy C và B CSC thường gặp trục trặc, wifi thường quá tải nên không truy cập được.",negative
"Giảng viên nhiệt tình, cơ sở vật chất ở cơ sở chính có dấu hiệu bị xuống cấp",negative
Rất tốt,positive
Máy chiếu rõ âm thanh tốt,negative
Những môn học về triết học đại cương rất khó học vì lí thuyết nhiều tuy nhiên nhờ những giảng viên giảng dạy tận tình nên kết quả học tập của em về môn đó trở nên tốt hơn,positive
mọi thứ đều ổn,positive
Phòng học rất nóng.,negative
"Giảng viên tận tình . Trang thiết bị máy chiếu đôi lúc gặp sự cố 1 số khắc phục được, 1 số thì không. Nhưng tiết học vẫn diễn ra rất tốt ạ",positive
"Phòng rất nực, bàn ghế dãy B rất nguy hiểm có nhiều đinh, bên hành lang dãy B có những cây sắt rất nguy hiểm cho sv. Máy chiếu không xài đc một số phòng….",negative
Em cảm thấy khá ổn,positive
"Phòng học nóng, có nhiều quạt bị hư. Máy chiếu mờ do không che sáng được.",negative
"Các cty đón tiếp rất nhiệt tình.Môi trường làm việc của mỗi cty được xây dựng với nhiều máy móc hiện đại.Sau chiến đi tham quan nhà máy chúng em được biết và hiểu thêm về các dây chuyền công nghệ sản xuất các ra các sản phẩm rất là hấp dẫn,nhằm giúp cho chúng em mở mang và học hỏi được nhiều thứ bổ ích.Cuối cùng là em xin cảm ơn Trường Đại học Tiền Giang đã tạo điều kiện để cho chúng em được đến các nhà máy tham quan để chúng em có thể định hướng cho tương lai cho ngành nghề sau ra trường ạ",positive
Máy chiếu khá mờ nhìn không rõ,negative
Các thiết bị của trường tốt,positive
"Phòng học rất nóng, thiếu ánh sáng, máy chiếu khá mờ",negative
Môn học về Luật cũng khá là khó mà theo bản thân em thì còn vài giảng viên giảng bài hơi khó hiểu. Em chỉ mong có thể giảng viên giảng cho tụi em dễ hiểu hơn. Em xin chân thành cảm ơn thầy đã lắng nghe,negative
Quá ok,positive
Dạ vâng em có một vấn đề không đồng tình là điểm thực tập do giảng viên mình chấm ạ em biết là có mẫu sẵn cho giảng viên của mình nhưng mà giảng viên nên dựa vào điểm của cơ quan mà chấm ạ em thấy giữa bên cơ quan và giảng viên chấm negativenh lệch nhau tận 2.5đ thì không hợp lý ạ dù gì cũng qua kỳ thực tập nên em chỉ muốn góp ý cho các em khoá sau thực đỡ bị bóp điểm hơn ạ,negative
Thầy cô giảng bài rất tận tình,positive
Nhiều phòng học khá nóng vào buổi trưa,negative
Ổn,positive
"máy chiếu mờ, âm thanh không nghe được",negative
Tốt,positive
Giảng viên tận tình nhiệt huyết,positive
Phòng học rất nóng,negative
"Giảng viên nhiệt tình hướng dẫn sinh viên, trang thiết bị khá ổn. Thầy cô nói chuyện nhẹ nhàng. Nhưng khi đăng kí học phần trên phần mềm khá chậm , có thể đợi khoảng thời gian lâu mới đăng kí được một môn",positive
máy chiếu mờ,negative
"Các môn chính trị khá khó tiếp thu nhưng dưới sự giảng bài tận tình, tận tâm của giảng viên mà sinh viên như em đã tiếp thu dễ dàng hơn, cảm thấy môn học thực sự thú vị",positive
"Máy chiếu mờ, âm thanh chưa tốt , cần bố trí lại máy chiếu TV ở dãy C B",negative
Máy chiếu bị mờ loa nghe không rõ,negative
mọi thứ đều ổn trừ trang web của trường lâu lâu hay xảy ra sự cố,positive
Máy chiếu mờ. Âm thanh có phòng có có phòng không. Phòng học nóng,negative
Nhờ các giảng viên chỉ dạy tận tình nên kết quả học tập của em rất tốt ạ.,positive
"Có vài phòng máy chiếu mờ hoặc âm thanh không rõ, vài phòng quạt yếu",negative
Phòng học hơi nóng,positive
Châu Thị Cẩm Tú,positive
"Máy chiếu phòng học bị mờ, nhoè, chữ xem không rõ trong quá trình học. ",negative
"Có phòng máy chiếu bị mở, quạt thì yếu k mạnh, nhưng nhiều phòng thiết bị rất tốt ",positive
Máy chiếu mờ,negative
Máy chiếu quá mờ có phòng hc không có quạt rất nóng,negative
Phòng học rất nóng,positive
Giảng viên tận tình giảng dạy tốt.,positive
"Máy chiếu mờ ( ngồi chót chắc chắn không thấy ), nhà vệ sinh dơ ( đôi khi còn có...)",negative
Giảng viên dạy rất tốt nhưng phòng hội trường rộng.quạt k đủ để mát cho sinh viên,positive
"Phòng hơi nóng, một số máy chiếu mờ",negative
Cơ sở khá tốt,positive
"Máy chiếu mờ, phòng học nóng.",negative
"Có phòng máy chiếu còn mờ, chưa kết nối được âm thanh khi thuyết trình",negative
"Môn học tiếng anh 1 của em cô dạy rất thú vị, tận tình. Em không nghĩ là lên đại học rồi mà cô còn vẽ sơ đồ lớp như cấp 3 vậy.Cô mang lại cho chúng em nhiều tiếng cười trong tiết học. Tuy nhiên việc tạo sơ đồ làm em cũng 1 phần nào đó áp lực hơn, lo lắng khi có câu hỏi khó sợ bị kêu tên. Rất hy vọng em sẽ gặp lại cô ở học phần sau.",positive
Nhà vệ sinh có một số bồn bị hư và còn dơ,negative
"Phòng học sạch sẽ, không gian thoáng mát đầy đủ tiện nghi.",positive
"Giảng viên tận tình giảng bài dễ hiểu tuy nhiên  máy chiếu mờ, kết nối máy chiếu hong ổn định hay bị ngắt. Mặc dù có những hạn chế nhưng em cảm thấy thời gian học tập tại trường rất quý giá.",positive
Nhà trường nên cải thiện máy chiếu ạ vì rất nhiều phòng máy chiếu bị hư tụi em rất khó khăn trong quá trình học,negative
"Máy chiếu mờ, có khi mở không lên nhưng khoing khí mát mẻ, môi trường học tốt",positive
"Máy chiếu thường không kết nối được, không rõ nét .",negative
"Đăng kí học phần hay xuất hiện lỗi,máy chiếu các phòng dãy C mờ ,khởi động chậm",negative
Trang thiết bị phục vụ nhu cầu học tập tại cơ sở chính còn rất hạn chế và lạc hậu nhất là máy chiếu và thiết bị âm thanh. Rất mong nhà trường có sự cải thiện thật tích cực và thiết thực để hỗ trợ công tức giảng dạy và học của giảng viên và sinh viên được thuận tiện hơn,positive
Có nhiều giảng viên nhiệt tình và thân thiện. Em cảm thấy việc học đỡ áp lực hơn rất nhiều!,positive
Phòng học nóng,negative
Có những phòng học máy chiếu khá mờ và không nghe rõ âm thanh nội dung.,negative
Máy chiếu khá mờ. Âm thanh không rõ,negative
Không có gì để đánh giá,positive
"Máy chiếu mờ, một số phòng loa không sử dụng được, phần mềm QLĐT lúc đăng kí học phần thường bị lỗi, đăng ký rất khó khăn ",negative
"máy chiếu mờ,  dãy C, dãy H nên gắn thêm quạt vì nóng",positive
Thiết bị máy chiếu mờ thường xuyên hư,negative
"Nhà vệ sinh không đủ vệ sinh, phòng học nóng",negative
Trong quá trình học được giáo viên hướng dẫn rất tận tình,positive
Không có vấn đề gì,positive
Trang thiết bị nhà trường còn nhiều hạn chế. Máy chiếu quá mờ,negative
"máy chiếu không sáng, thường bị lỗi",positive
"Phòng học nóng,ngộp thở,lâu lâu có mùi hôi",negative
"Máy chiếu chiếu khá mờ, thiếu ánh sáng ",negative
Tất cả đều ổn ạ.,positive
Máy chiếu mờ. Phòng học rất nóng nhất là những phòng dãy C ở CSC,negative
Trường có khá nhiều cơ sở vật chất phục vụ cho việc học,positive
Loa ở nhiều phòng không dùng được.,negative
Thầy cô rất tận tình hướng dẫn sinh viên cung cấp rất nhiều kiến thức bổ ích,positive
Âm thanh không rõ,positive
Quạt yếu,negative
Máy chiếu khá mờ,negative
"Máy chiếu còn mờ, nhiều khi kết nối khó khăn với máy tính. Bàn ghế ngồi không yên mà bị lung lay. Nhà vệ sinh còn chưa sạch mùi hôi nồng.",negative
"Thầy cô nhiệt tình giảng dạy, mọi thứ rất tốt",positive
"Máy chiếu khá mờ , phòng học nóng ",negative
Tốt,positive
Phòng học còn hơi nóng,negative
"Phòng học còn nóng, máy chiếu còn thiếu mờ",positive
"Máy chiếu mờ ,âm thanh không rõ, bàn học có cái bị hư, phòng học đủ ánh sáng, mát mẻ , giáo viên nhiệt tình giúp đỡ học sinh học tập  ",positive
Phòng học hơi nóng. Máy chiếu mờ,negative
"Em thấy về phần dạy học tạm ổn,máy chiếu còn mờ thật .",positive
Máy chiếu mờ,negative
Nên trang bị lại thiết bị học tốt hơn,positive
Phòng học rất nóng,negative
"Máy chiếu khá mờ. Âm thanh không rõ. Phòng học rất nóng, thiếu ánh sáng.",negative
Tuy các môn học có khó nhưng Giảng viên ở trường rất tận tình giải đáp các phần khó hiểu giúp việc học của em trở nên rất tốt và tâm lí học rất thoải mái.,positive
"Máy chiếu khá mờ. Âm thanh không rõ. Phòng học rất nóng, thiếu ánh sáng",negative
Môn Chủ Nghĩa Xã Hội Khoa Học khá khó hiểu nhưng nhờ giảng viên tận tình nên kết quả học tập của em rất tốt,positive
Máy chiếu khá mờ,negative
Máy chiếu khá mờ Âm thanh rõ Phòng học và ánh sáng ổn,positive
"Máy chiếu mờ, phòng nóng",negative
Máy chiếu phòng C13 hay bật tắt và chuyển màu bất ngờ ảnh hưởng đến việc học của chúng em ạ,positive
Dãy c khá mờ,positive
Phần mềm đki học phần không được mượt . Lúc đki rất khó khăn hi vong khắc phục . Cần chú trọng kiểm tra kỹ hơn trước lúc cho sv các khóa đki học phần không được sơ xài,negative
Môn english rất khó với em nhưng nhờ giảng viên tận tình chỉ dạy nên kết quả học tập của em tốt hơn rất nhiều.,positive
"Một số phòng máy chiếu mờ, âm thanh nhiều lúc có nhiều lúc không, quạt bị hư nhưng chưa thay mới ",negative
Phòng học nóng,negative
Em cũng có ý kiến là máy chiếu hơi mờ thiếu ánh sáng cần khắc phục,positive
"Máy chiếu khá mờ, phòng học rất nóng.",negative
Giảng viên nhiệt tình,positive
"Máy chiếu khá mờ, phòng học nóng",negative
"Máy chiếu mờ, âm thanh không rõ",negative
Máy chiều ổn âm thanh thì có vài phòng thì không nghe được phòng học thoát mát đủ ánh sáng,positive
Khá tốt,positive
Máy chiếu mờ,negative
Có nhiều bàn ghế bị hư,negative
"Giang vien nhiet tinh, sv de tiep thu kien thuc",positive
Máy chiếu khá mờ,positive
"Máy chiếu mờ hay bị trục trặc, âm thanh không rõ, phòng học rất rất nóng",negative
Máy chiếu khá mờ.,negative
Nhờ sự giúp đỡ tận tình của tất cả giảng viên nên kết quả học tập của em ngày càng tốt hơn,positive
Kết nối giữa máy chiếu và laptop cá nhân khá khó khăn nên đôi lúc rất mất thời gian,positive
"Máy chiếu mờ, có khi không kết nối được",negative
"Máy chiếu mờ, âm thanh khó nghe, quạt bị hư khá nhiều, cần trang bị thêm rèm cửa để che bớt nắng",negative
"Máy chiếu rõ , phòng học thoáng mát",positive
Khi học tại trường có những môn học khó nhưng nhờ thầy cô giảng tận tình nên kết quả học tập em rất tốt,positive
"Máy chiếu mờ,âm thanh không tốt, tivi có những phòng học không sử dụng được ",negative
Máy chiếu khá mờ thiếu ánh sáng,positive
Phòng nóng,negative
Phương tiện để dạy học ở dãy C của trường CSC máy chiếu không sử dụng được,negative
Phòng học hơi nóng ( Giảng viên giêng bài tận tình),positive
Phòng học nóng,negative
Âm thanh một số phòng không nghe rõ,positive
Máy chiếu khá mờ,negative
"Mỗi học kỳ nhà trường tổ chức nhiều hoạt động phong trào, các cuộc thi giúp cho chúng em tham gia giao lưu kết nối với nhiều bạn hơn.",positive
"Phòng học c25 máy chiếu hoạt động khá chậm, có khi không lên hoặc không kết nối được với mây của GV",negative
Máy chiếu mờ,positive
Máy móc còn hư hơi nhìu chủ yếu là micro có vài phòng bị hư không sử dụng được,negative
Âm thanh không rõ,positive
Máy chiếu mờ đôi khi không lên mic có khi k dùng được,negative
Máy chiếu mờ,negative
Môn V rất khó tuy nhiên nhờ GV tận tình nên kết quả học tập của em rất tốt,positive
Giảng viên giảng bài chỉ dẫn tận tình tuy nhiên phòng học hơi nóng,positive
Máy chiếu hơi mờ ạ,negative
"Hầu hết những giảng viên mà em học đều rất tận tình. Nhưng máy chiếu thì hay bị lỗi không kết nối được, máy chiếu còn bị mờ nên những bạn ngồi xa một chút sẽ không thể nhìn thấy được. ",positive
"Máy chiếu khá mờ,có chỗ hư,micro có nhưng cái hư âm thanh ko rõ,phòng nóng do có quạt hư,mặc đồng phục áo sơmi mang giày ko thoải mái gây trình trạng tiếp thu bài không hiệu quả do nực nội bức xúc,gây kết quả học tập xa sút",negative
"Máy chiếu quá mờ, có phòng còn không có micro",positive
"Phòng rộng, ngồi khúc dưới hông thấy đường nhìn máy chiếu. Phòng học lại bị nóng ",negative
Máy chiếu có khi không sử dụng được,negative
"Phòng học có ánh sáng tốt, thiết bị máy móc tương đối tốt,...",positive
Giáo viên tận tình vui vẻ nhưng phòng học còn khá nóng,positive
"Phòng học thiếu ánh sáng, máy chiếu mờ, phòng nực",negative
Máy chiếu khá mờ. Phòng học nóng,negative
Như ví dụ trên,negative
Phòng học nóng,negative
Phòng học rất mát,positive
"Máy chiếu mờ, âm thânh không rõ, phòng học nóng, phòng thực hành CNTP không đầy đủ dụng cụ cho sinh viên làm thực hành, khóa luận, phòng thực hành rất nóng vì quạt bị hư nhiều",negative
Ổn,positive
Máy  chiếu khá mờ. Âm thanh không rõ,negative
Máy chiếu khá mờ,positive
Nhà xe còn khá nhỏ không đủ chổ cho các bạn đi học muộn,negative
Máy chiếu khá mờ. Phòng học nóng.,negative
Phòng học còn nóng quá.,positive
Máy chiếu khá mờ phòng học nóng,negative
"Máy chiếu mờ, âm thanh nhỏ, phòng học nóng. Giảng viên dạy tốt",positive
Bình thường,positive
Phòng học rất nóng,negative
Mong nhà trường sớm khắc phục,negative
"Phòng học nóng , máy chiếu khá mờ.",positive
Phòng khá nóng,negative
"Học rất thoải mái, ",positive
"Phòng học khá nóng nực, nên có thêm thang máy vì sinh viên đông đa số là bị quá tải ở giờ cao điểm",negative
Máy chiếu hơi mờ,positive
Phòng học rất nóng.,negative
Máy chiếu khá mờ,negative
Một vài quạt của một số lớp bị hỏng,positive
em ngồi xaa nên không thấy rõ,positive
Phòng học nóng,negative
Màn hình hơi bị chóa ạ,positive
Môn đánh giá năng lực của cô Mỹ Linh rất khó không lám rõ vấn đề mà đi sâu vào phương pháp không giãng lý luẬn cho tui em.e thấy rất thiệt thòi cô nên vẬn dụng lý luẬn. phòng B33 khá ẩm ước máy chiếu khá mờ không thể theo dỏi,negative
GV tận tình,positive
Phòng học rất nóng,negative
" Máy chiếu khá mờ. Âm thanh không rõ. Phòng học rất nóng, thiếu ánh sáng",positive
"Phòng học nóng, máy chiếu mờ",negative
"Âm thanh không rõ, phòng học rất nóng",negative
"Thầy cô dạy rất dễ hiểu, cơ sở vật chất đầy đủ",positive
"Giảng viên tận tình, phòng học hơi nóng",positive
Phòng học rất nóng,negative
Giảng viên tận tình giảng dạy những thắc mắc của sinh viên,positive
Như trên,negative
giảng viên tận tình,positive
"Máy chiếu mờ. Âm thanh không rõ. Phòng học rất nóng, thiếu ánh sáng.",negative
A,negative
Giảng viên tận tình,positive
Em không có ý kiến,positive
Máy chiếu mờ,negative
Máy chiếu khá mờ.,negative
"Thầy cô tận tình, nhiệt huyết giảng dạy. ",positive
"Giảng viên dạy em rất tận tình ,dễ hiểu.",positive
mây chiếu mờ k có rèm cửa nên rất chá và không nhìn thấy gì,negative
Một số phòng học thiết bị âm thanh không nghe được,negative
"Phòng học rộng thoáng mát, ánh sáng tốt",positive
"Giảng viên giảng dạy dễ hiểu ,dễ tiếp thu ,tạo không khí thoải mái",positive
máy chiếu mowf âm thanh yếu không xem được video,negative
"Máy chiếu mờ, âm thanh và hình ảnh không chất lượng ảnh hưởng nội dung học tập",negative
Phòng học vô cùng nóng.,positive
"Loa bị rè, máy chiếu mờ, máy quạt hư, …",negative
Nhiều phòng máy chiếu đã không sử dụng được nhưng không ai sửa,negative
Tốt,positive
"Máy chiếu khá mờ, hay bị lỗi. Âm thanh không rõ. ",negative
Phải cố gắng học hành,positive
Máy chiếu mờ. Phòng học nóng,negative
"Phòng học nóng , máy chiếu mờ,  âm thanh bị rè khó nghe nhưng giản viên nhiệt tình dễ thương",positive
"Có nhiều giảng viên rất tốt hướng dẫn em trong việc học tập rất tận tình nhưng có vài giảng viên khó khăn làm em rất áp lực trong việc học môn học phần ấy.Có nhiều phòng học máy chiếu bị mờ, nhòe, có khi kết nối không được. Quạt bị hư hoặc không đủ mát.",negative
Phòng rất nóng,positive
"Cơ sở TCN khá tiện nghi ạ, nhưng mà dưới CSC còn nhiều phòng bị hỏng quạt vs đèn ạ, học buổi chiều rất nóng lùn ạ ",positive
Máy chiếu mờ âm Thanh không rõ. Phòng học rất nóng thiêu sáng,negative
Môn bệnh cây chuyên khoa rất khó nhưng giảng viên giảng cũng khó hiểu,negative
Máy chiếu khá mờ. Loa âm thanh không rõ.,negative
"Phòng học nóng, máy chiếu mờ",positive
Phòng học rất nóng,negative
Không có vấn đề gì,positive
Phần mềm đăng kí học phần cần được cải thiện tốt hơn,negative
"Âm thanh tạm ổn, phòng học hơi nóng, máy chiếu hay lỗi",negative
Phương pháp dạy học khó nhưng giảng viên tận tâm chỉ dẫn.,positive
Môn học ABC rất khó tuy nhiên nhờ giảng viên tận tình nên kết quả học tập của em rất tốt.,positive
Thiếu điều hòa,negative
"lúc đăng ký học phần thì hay gặp nhiều lỗi và phải đăng ký lại liên tục , rất mất thời gian.",negative
Máy chiếu mờ,negative
Phòng học rất nóng,negative
"Thầy cô rất nhiệt tình,chương trình đào tạo cụ thể,cách hoạt động phong trào sôi nổi, việc đăng ký học phần còn hơi chậm vì số lượng người truy cập quá nhiều",positive
"Máy chiếu bị mờ và có màu khó xem nhiều lúc không sài được, âm thanh nhiều phòng không được lớn có lúc không nghe rõ.",negative
Một số phòng máy chiếu khá mờ,positive
"Máy chiếu mờ, phòng học nóng, nhà vệ sinh thiếu vệ sinh",negative
Giảng viên tận tình giúp đỡ sinh viên trong học tập,positive
Nhà vs trường hơi cũ kỹ,negative
Đăng ký học phần hay bị lỗi trong quá trình đăng ký,negative
Ổn,positive
Máy chiếu mờ phòng học nóng,positive
Phòng học nóng,negative
Môn học đánh giá cảm quan rất khó tuy nhiên nhờ giảng viên tận tình nên kết quả học tập của em rất tốt.,positive
Phòng học nóng,negative
Phòng khá nóng ạ,negative
Giảng viên rất tân tình nhưng mà phòng học rất nóng,positive
"Máy chiếu khá mờ. Âm thanh không rõ. Phòng học rất nóng, thiếu ánh sáng.",negative
"Máy chiếu mờ, âm thanh không rõ.",negative
Máy chiếu 1 số phòng mờ,positive
Phòng học thiếu rèm cửa. Máy chiếu khá mờ. Quạt máy bị hỏng.,negative
"Máy chiều mờ, lâu lâu kết nối với laptop không được, quạt hư phòng học nóng, âm thanh nhỏ và rè",negative
Tốt,positive
"Giảng viên vui vẻ, nhiệt tình giúp đỡ sinh viên khi gặp khó khăn. Chất lượng giảng dạy của giảng viên rất tốt. Môn học phương pháp dạy Tiếng Việt khá khó nhưng nhờ có giảng viên giảng viên nhiệt tình hướng dẫn giảng dạy nên em có thể tiếp thu và thực hành dễ dàng.",positive
"Máy chiếu mờ, máy tính có đôi lúc không thể kết nối được với máy chiếu, âm thanh không rõ",negative
Giảng viên tận tình giúp đỡ nên kết quả học tập được tốt hơn,positive
Máy chiếu khá mờ. Mong trường tân trang lại nhà vệ sinh.,negative
"Máy chiếu mờ. Âm thanh nghe không rõ. Phòng học rất nóng, nhiều máy quạt bị hư không hoạt động.",negative
"Các môn hóc khá cân bằng . Nhưng có 1 số thầy cô dô học trả bài như cấp 3  , bấm điện thoại tra tài liệu thì bắt điện thoại như ở cấp 3  . Còn tất cả những điều khác thì được ",positive
"Máy chiếu mờ, hư hỏng ở nhiều phòng; có phòng không có âm thanh; nhiều phòng bị thiếu ghế; phòng học rất nóng.",negative
Cần trang bị thêm quạt. Sử dụng màn hình chiếu to và rõ hơn. Đkhp bị trùng khi bị lớp khác đk và đk học phần rất lâu,negative
Thầy cô rất nhiệt tình trong quá trình giảng dạy nhưng âm thanh không rõ ( em mong nhà trường sẽ kieem tra lại các âm thanh ạ),positive
Các hoạt động của trường diễn r khá tối khá bất tiện cho 1 số bạn ở xa tham gi,positive
Máy chiếu khá mờ. Không nhìn rõ. Âm thanh không rõ.,negative
"Giảng viên nhiệt tình, tâm lý ",positive
Phòng học nóng,negative
"Các thầy cô giảng viên ở trường giảng dạy rất tốt nhưng trang thiết bị nhà trường chưa đủ cho chúng em học tập, nếu có thể cải thiện về máy chiếu ,âm thanh, máy quạt, tụi em sẽ rất biết ơn ạ",positive
Máy chiếu khá mờ. Khó khăn khi kết nối. Micro ở một số phòng bị hư hoặc không có.,negative
"Máy chiếu mờ, thiếu ánh sáng, phòng học nóng. Đăng ký học phần còn gặp nhiều khó khăn.",negative
tốt,positive
Nhà vệ sinh trường quá hôi và hầu như là bị hư nên việc đi vệ sinh ở trường là khá bất tiện,negative
"Trong quá trình học tập nhờ sự giúp đỡ của quý thầy cô nên em cũng không có gặp trở ngại gì lớn trong quá trình học tập, phòng học tuy có vài trục trặc nhỏ nhưng các thầy cũng rất hỗ trợ chúng em. Tuy nhiên, gần đây đội ngũ giữ xe mới làm chúng em rất bức xúc vì thái độ của họ, xe dựng không dọn gọn gàng lại chiếm khá nhiều chỗ nên những xe vô sau không có chỗ đậu phải dựng ngoài nắng cả buổi, hoặc khi có xe về rồi đã có chỗ trống mà nhân viên giữ xe vẫn chặn chỗ lên nhà xe,.... Em mong quý thầy cô có thể xử lý giúp chúng em",positive
Giảng viên tận tình,positive
Phòng học nóng,negative
"Máy chiếu mờ, phòng học nóng",negative
Truyền nhiệt TCVL khó nhưng được thầy giảng nhiệt tình nên cũng dễ hiểu lắm ạ,positive
Âm thanh không rõ máy chiếu mở không lên quạt nhiều phòng bị hư đèn cũng bị hư,positive
"Máy chiếu mờ, phòng học rất nóng",negative
Máy chiếu xưởng khá mờ,negative
Phòng học rất nóng,positive
"Giảng Viên nhiệt tình, phòng học đầy đủ ánh sáng, đối với phpngf học sử dụng máy chiếu bên dãy B dãy C thì khá mờ. ",positive
Thiết bị phòng học dãy C còn chưa tốt. Nhà vệ sinh thiếu đèn nhiều khóa cửa nhiều nhà vệ sinh,negative
"máy chiếu dãy C hay bị lỗi, mong nhà trường khắc phục",negative
Ko có ạ,positive
Máy chiếu hay bị lỗi và rất mờ,negative
Âm thanh không rõ,negative
Quá xuất sắc,positive
Mất nhiều thời gian để kết nối với máy chiếu,negative
Phòng rất nóng,positive
Môn học,positive
"Phòng học máy chiếu cũ, không chiếu được giảng viên phải thay đổi phòng rất mất nhiều thời gian cho việc học, đôi khi kết nối không được. Phòng nóng ít quạt học đông thì rất nóng.",negative
Máy chiếu mờ phòng học nên thêm quạt,negative
"trường không có camera, và camera ở một trường đại học là điều cần thiết ạ",negative
"Em là sinh viên năm nhất nên cũng chưa biết gì nhiều chỉ thấy là cơ sở vật chất của trường rất tốt. Loa, tivi, quạt, đèn đều rất tốt không có gì để negative.",positive
"Một số phòng học khu H nên được cải thiện về thiết bị quạt, dụng cụ kết nối với máy chiếu hoặc tivi nên thay mới để không gây ảnh hưởng các phần báo cáo học tập hay ảnh hưởng đến quá trình giảng dạy của giảng viên. ",negative
Phòng học rất nóng,negative
Phòng học rất nóng,positive
Nhà vệ sinh giống hố đen vũ trụ của doraemon,negative
Rất tốt,positive
Mong nhà trường khắc phục,negative
Phòng học khá nóng.có nhiều quạt bị hư,positive
"Phòng học có nhiều bàn ghế bị hư, một số phòng có TV còn số còn lại thì vẫn sử dụng máy chiếu, chất lượng hình ảnh trên máy chiếu chưa được đảm bảo có lúc bị chuyển màu, màn hình bị giật, âm thanh cũng có khi được khi không. ",negative
Rất tốt,positive
"Máy chiếu mờ, phòng học nóng",positive
Phòng học rất nóng,negative
Máy chiều khá mờ nhưng giáo viên luôn tìm cách cho sinh viên tiếp cận tốt nhất,positive
Nhà vệ sinh trường hôi với hầu như bị hư,negative
Máy chiếu mờ kết nối không ổn định. Phòng học nóng,negative
Hợp lí,positive
"Máy chiếu bị lỗi và mờ, ",negative
"Máy chiếu mờ , phòng học nóng ",negative
Tuy mái chiếu có hơi trục trặc nhưng thầy cô vẫn dạy tốt,positive
Đỉnh,positive
"Một số phòng học có khi máy chiếu không sử dụng được, có khi khởi động máy chiếu lên khá lâu.",negative
"Máy chiếu khá mờ, âm thanh bị rè, phòng học nóng",negative
Vui ạ,positive
phòng học nóng. máy chiếu hư thường xuyên,negative
Đăng ký học phần mà nói e chịu nản trường lắm e đăng ký cô này dại thì bị đẩy qua cô khác,negative
Ok,positive
Có vài phòng âm thanh bị rè ạ,positive
"Máy chiếu mờ, phòng nóng,... ",negative
"Máy chiếu hỏng, mờ",negative
Thầy cô giảng dạy tận tình nên kết quả học tập của em đã tốt hơn,positive
Phòng học rất nóng đề nghị gắn máy lạnh,negative
"Tuy gặp khó khăn trong quá trình học tập , đặc biệt là trong thời gian đăng ký học phần  nhưng luôn có sự hỗ trợ của quý thầy cô cố vấn. Các hoạt động xã hội của trường tổ chức giúp em trải nghiệm thêm những điều mới mẻ, biết được nhiều anh chị, bạn bè.",positive
Phòng B33 bị tạt nước ướt ghế ngồi,negative
phòng học khá nóng,positive
"Máy chiếu rất mờ phòng học dãy C rat cũ, phiếu trước hành lang dãy C có nhiều cây sắt nhô ra khá nguy hiểm cho học sinh. ",negative
Phòng học dư ánh sáng…em mong trường hổ trợ tấm che nắng cho lớp học,positive
"Giảng viên dạy dễ hiểu, tận tình ",positive
Máy chiếu mờ,negative
"Giảng viên dạy hay, dễ hiểu.",positive
Nhà xe nhỏ,negative
Âm thanh của mấy loa không nghe được rõ,positive
Máy chiếu mờ,negative
"máy chiếu mờ, phòng nóng, quạt hư",negative
"Mong muốn trường có thể hoạt động vào các tiết 11 12 13 chẳng hạn. Để các bạn có thể tiếp tục tự học tập, nghiên cứu tại trường. Một phần nhằm giúp tạo môi trường giúp chăm chú vào việc học, một phần cho các bạn có thể dễ dàng làm việc nhóm với nhau ",positive
"Máy chiếu dãy C hơi mờ. Có khi không lên được, trong quá trình học cứ chờ thầy lên sửa máy. Có hôm không sửa được nên cô giảng không có máy chiếu. Trong lúc thuyết trình thì anh âm trong phần PowerPoint có âm thanh cũng không nghe được. Phòng vi tính thì âm thanh trên máy tính của cô không nghe được, và các máy điều không có tai nghe, em cảm thấy bất tiện cho việc học. Quạt trong lớp thì mỗi dãy giữa thì mát hôm nào mà không đủ chỗ phải ngồi bàn cuối cộng với mặc áo sơ mi khá là nóng. Em cảm ơn ạ",positive
"Phòng học khá nóng, vấn đề máy chiếu thì có một số phòng gặp trục trặc không thể trình chiếu mặc dù buổi học đó là buổi dạy thử hoặc là trình bày bài giảng ppt",negative
Đăng kí học phần còn bị lỗi thực hiện khá lâu,negative
"Máy chiếu nhiều lúc hơi trục trặc, âm thanh trục trặc. Nhưng đi học vui",positive
"Đăng kí học phần còn gặp khó khăn, bị full lớp và lỗi khi đăng kí",negative
Phòng học khá ổn nhưng có một số phòng máy chiếu không hoạt động,positive
"Quy định về trang phục khá khắc khe, nên thoáng hơn cho sv thoải mái đối với môi trường đại học",negative
Tolet trường khá là dơ. Mấy lần em phải ráng nhịn để đi về đi. Còn mấy lần sau em ráng đi. Em mong trường khắc phục ạ. Em cảm ơn,positive
giữ xe thái độ không tốt,positive
Phòng học nóng,negative
Có một số phòng học quạt trần bị hư,negative
Giảng viên hướng dẫn nhiệt tình các phòng học khá đầy đủ trang thiết bị,positive
Máy chiếu mờ,negative
"Phòng học nóng, âm thanh phòng nghe được phòng không ",negative
"Máy chiếu mờ, âm thanh không rõ, wifi yếu ",negative
Phòng học nóng,positive
Máy chiếu tốt giáo viên tận tình giảng dạy,positive
Mong muốn nhà trường có thể khắc phục trang qlđt vì mỗi lần đăng ký luôn bị lỗi hệ thống ạ. Em xin cảm ơn,negative
Máy tính thường không sử dụng được,negative
"Thầy cô giảng bài rất vui vẻ, nhiệt tình nhưng máy chiếu có khi khá mờ",positive
Máy chiếu khá mờ. Phòng học rất nóng,negative
Tốt,positive
"Máy chiếu mờ, quạt hư khá nhiều",negative
Tất cả đều hoàn hảo,positive
" Một số phòng dãy C máy chiếu khá mờ, âm thanh không rõ.",negative
Môn học ABC rất khó tuy nhiên nhờ giảng viên tận tình nên kết quả học tập của em rất tốt.,positive
" Một số phòng dãy C máy chiếu khá mờ, âm thanh không rõ.",negative
Thiết bị âm thanh bị rè ko nghe đc hoăch có phòng khó nghe ạ,positive
"Có phòng thì máy chiếu mờ,quạt có cái không chạy,nóng",negative
Môn học Toán học 2 học rất khó nhưng giảng viên rất tận tình,positive
Âm thanh không rõ. Phòng học rất nóng.,negative
Tốt,positive
Giảng viên nhiệt tình,positive
Máy chiếu thường không sử dụng được,negative
Luôn tạo điều kiện tốt,positive
Máy chiếu thường không sử dụng được,negative
Máy chiếu khá mờ,negative
Máy chiếu khá mờ,positive
Máy chiếu thường không sử dụng được,negative
Âm thanh không rõ loa thì rè,positive
"Quạt hư,.máy chiếu mờ, loa nghe không rõ, micro có phòng xài được phòng không.",negative
đăng kí học phần rất khó khăn,negative
Môn thủ công kỹ thuật cho em nhiều trải nghiệm được thực hành làm nhiều sản phẩm giúp em sáng tạo.không chỉ có môn thủ công-kỹ thuật mà con nhiều môn khác thầy cô tạo e nhứng thú học tập.,positive
"Máy chiếu khá mờ, micro bị rè. ",negative
Rất rốt,positive
Máy chiếu mờ,negative
"Máy chiếu mờ , cần thêm màng che ở các phòng( vì buổi chiều nắng chiếu vào khá nóng mà chá)",negative
"Học tiếng anh loa không được rõ, hay bị rè",negative
Tốt,positive
Máy chiếu mờ,negative
tốt,positive
"Máy chiếu khá mờ. Âm thanh không rõ. Phòng học rất nóng, thiếu ánh sáng.",negative
"Giảng viên hỗ trợ rất tận tình , trang thiết bị tương đối ổn",positive
Phòng học nóng,negative
Máy chiếu khá mờ,negative
Tính cách giáo viên rất dễ thương,positive
Tốt,positive
Tốt,positive
Phòng học khá ít quạt,positive
Môn lịch sử đảng giảng viên đưa ra một số qui định quá khắt khe,positive
"Máy chiếu mờ qué ,phần mềm qldt tgu bị đơ ơi là đơ ạ",positive
Phòng học rất nóng,positive
Tốt,positive
Môn học cân bằng vật chất rất khó tuy nhiên nhờ giảng viên tận tình nên kết quả học tập của em rất tốt,positive
"Máy chiếu mờ, loa trong các phòng học nhỏ, quạt hư học phòng đông nực ạ. GV rất nhiệt tình vui vẻ",positive
Nhiều môn học rất khó tuy nhiên giảng viên tận tình chỉ dẫn nên kết quả của em tốt,positive
Máy chiếu khá mờ,positive
"Có những môn học mới, những môn chuyên ngành tụi em mới tiếp xúc nên chưa quen và cảm thấy khó. Nhưng giảng viên rất tận tình, tạo điều kiện cho tụi em hiểu bài nhanh nhất, luôn sẵn sàng giúp đỡ tụi em trong học tập",positive
Phòng học khá nóng,positive
Phòng học rất nóng,positive
Máy chiếu khá mờ,positive
Dạ Tốt,positive
Máy chiếu khá mờ. Âm thanh ko rõ.,positive
Ok,positive
Ổn,positive
Giáo viên tận tình giảng dạy,positive
Rất tốt,positive
Mọi thứ đều ổn định,positive
Tốt,positive
Được,positive
phòng học rất nóng,positive
Tốt ạ,positive
"Máy chiếu khá mờ, quạt còn hư nhiều ",positive
"Máy chiếu mờ , loa âm thanh vang , máy quạt hư, đèn thiếu ánh sáng , còn lại khá ổn",positive
Tất cả đều tốt,positive
"Em đang học môn TCHĐVC trẻ em , có những chỗ em ko hiểu bài , nhưng Cô dạy lớp hp của em đều nhiệt tình chỉ dạy , giảng bài cho em hiểu ",positive
"Bài học khó hiểu nhưng nhờ sự giảng dạy tận tâm, hết mình giúp em hiểu bài hơn và đạt kết quả tốt.",positive
"Phòng học nóng, âm thanh không rõ",positive
Thầy cô tận tâm,positive
Môn vi sinh đại cương rất khó nhưng nhờ sự tận tình chỉ dẫn của cô đã giúp em vượt qua được môn học này,positive
Máy chiếu khá mờ,positive
Thầy cô nhiệt tình nhưng âm thanh có đôi chút không rõ,positive
Phòng đầy đủ các thiết bị học tập,positive
Đánh giá cảm quan thực phẩm cô dạy tốt,positive
J,positive
Tốt,positive
H,positive
Y,positive
Phòng học rất rất nóng   . Ghế ngồi không thoải mái,positive
Giảng viên các môn học giảng dạy nhiệt tình,positive
Phòng học khá nóng,positive
Phòng học khá nóng,positive
"Năm sau nhà trường có thể sắp thời khoá biểu ổn định hơn được không ạ!! Có bữa học có 2 tiết có bữa học cả ngày, cực sinh viên lắm ạ!!",positive
Tốt,positive
Giáo viên trường giãn dạy tận tình,positive
Phòng học nên thay máy tính ạ và cả loa,positive
Tốt,positive
Không có đánh giá,positive
Môn English rất khó nhờ giảng viên tận tình chỉ dẫn em trong quá trình học tập nên kết quả của em tốt,positive
Không có vấn đề,positive
Vài phòng học có máy quạt bị hư và quay yếu,positive
Các thầy cô giảng dạy rất tận tình. Âm thanh đôi khi nghe bị rè.,positive
"Mọi thứ vẫn ổn, thầy cô dạy nhiệt tình ",positive
Tạm ổn,positive
"máy chiếu ổn, thuận tiện việc học",positive
Tất cả đều tốt ạ,positive
Âm thanh hơi bị trục trặc,positive
Phòng học khá nóng,positive
Máy chiếu hơi mờ nhưng vẫn ổn,positive
Do Giảng viên giảng dạy tận tình. Luôn quan tâm và lắng nghe sinh viên bày tỏ ý kiến. Cho sinh viên thực hành trải nghiệm. K quá áp lực với sinh viên. Do đó sinh viên tiếp thu kiến thức rất hiệu quả và nhẹ nhàng. Không bị stress.,positive