Word,Token
0 điểm,0_điểm
1 điểm cộng,1_điểm_cộng
1 điểm trừ,1_điểm_trừ
1 nùi,1_nùi
1 sao,1_sao
10 điểm,10_điểm
2 điểm,2_điểm
2 sao,2_sao
3 không,3_không
4 sao,4_sao
5 điểm,5_điểm
5 sao,5_sao
5 star,5_star
6 điểm,6_điểm
7 điểm,7_điểm
8 điểm,8_điểm
9 điểm,9_điểm
ác đức,ác_đức
ác lắm,ác_lắm
ác nữa,ác_nữa
ác quá,ác_quá
ai cũng biết,ai_cũng_biết
ám mùi,ám_mùi
an tọa,an_tọa
áng đường,áng_đường
anh anh em em,anh_anh_em_em
ánh đèn nhẹ,ánh_đèn_nhẹ
ánh mắt khi dễ,ánh_mắt_khi_dễ
ảo ảo,ảo_ảo
ảo dã man,ảo_dã_man
ảo diệu,ảo_diệu
ào đến,ào_đến
ảo giá,ảo_giá
ảo lòi,ảo_lòi
ảo tung chảo,ảo_tung_chảo
ào vô,ào_vô
áp áp,áp_áp
áp mái,áp_mái
áp phê,áp_phê
áp sát,áp_sát
át bớt,át_bớt
át cả,át_cả
át các vị,át_các_vị
át đi hết,át_đi_hết
át đi,át_đi
át được,át_được
át hẳn,át_hẳn
át hết,át_hết
át hoàn toàn,át_hoàn_toàn
át luôn,át_luôn
át mất,át_mất
át mùi,át_mùi
át tiếng,át_tiếng
át vị,át_vị
ặc ặc,ặc_ặc
ẵm 2 bé,ẵm_2_bé
ẵm bồng,ẵm_bồng
ẵm con,ẵm_con
ẵm lại,ẵm_lại
ẵm lên,ẵm_lên
ẵm qua,ẵm_qua
ẵm xuống,ẵm_xuống
ăn banh bụng,ăn_banh_bụng
ăn bành bụng,ăn_bành_bụng
ăn bét nhè,ăn_bét_nhè
ăn cánh cửa,ăn_cánh_cửa
ăn cứng,ăn_cứng
ăn hóa đơn,ăn_hóa_đơn
ăn là ghiền,ăn_là_ghiền
ăn mãi,ăn_mãi
ăn muốn banh bụng,ăn_muốn_banh_bụng
ăn no,ăn_no
ăn ngon,ăn_ngon
ăn nhầm,ăn_nhầm
ăn nhiều,ăn_nhiều
ăn tiếp,ăn_tiếp
ăn thêm ăn bớt,ăn_thêm_ăn_bớt
ăn thua đủ,ăn_thua_đủ
ăn uống banh chành,ăn_uống_banh_chành
ăn xổi ở thì,ăn_xổi_ở_thì
âm 100 điểm,âm_100_điểm
ậm à,ậm_à
ấm áp lạ lùng,ấm_áp_lạ_lùng
âm ấm nóng,âm_ấm_nóng
ẩm ẩm,ẩm_ẩm
ấm ấm,ấm_ấm
ấm bụng,ấm_bụng
ấm cả lòng,ấm_cả_lòng
ấm cả người,ấm_cả_người
ấm cả sáng,ấm_cả_sáng
ấm chỗ,ấm_chỗ
ấm dã man,ấm_dã_man
ẩm dột,ẩm_dột
ẩm đặc,ẩm_đặc
ấm đầu,ấm_đầu
ấm giọng,ấm_giọng
ấm hết cả người,ấm_hết_cả_người
ấm hết lòng dạ,ấm_hết_lòng_dạ
ấm hết người,ấm_hết_người
ấm hơn,ấm_hơn
ấm lạ,ấm_lạ
ấm lắm,ấm_lắm
ấm lòng,ấm_lòng
ầm luôn,ầm_luôn
ấm mát,ấm_mát
ẩm mềm,ẩm_mềm
ấm mình,ấm_mình
ấm nóng,ấm_nóng
ấm nồng,ấm_nồng
ấm người,ấm_người
ấm nhẹ,ấm_nhẹ
ậm ờ,ậm_ờ
ấm phải biết,ấm_phải_biết
ẩm quá,ẩm_quá
ấm quán,ấm_quán
ấm ru,ấm_ru
ấm tận tâm can,ấm_tận_tâm_can
ẩm thơm,ẩm_thơm
ấm vào mùa đông,ấm_vào_mùa_đông
ẩm vừa,ẩm_vừa
ấm vừa,ấm_vừa
ẩn giật,ẩn_giật
ẩn hiện,ẩn_hiện
ẩn mình,ẩn_mình
ẩn nổi,ẩn_nổi
ấn tượng tốt,ấn_tượng_tốt
ẩn vân,ẩn_vân
ấp a ấp úng,ấp_a_ấp_úng
ập đến,ập_đến
ập ngay vào mặt,ập_ngay_vào_mặt
ấp ớ,ấp_ớ
ập vào,ập_vào
ất ơ,ất_ơ
bá cmnd,bá_cmnd
bá cổ,bá_cổ
bá cháy,bá_cháy
bá đạo,bá_đạo
bá phát,bá_phát
bá tánh,bá_tánh
bai !,bai_!
bai bai,bai_bai
bai luôn,bai_luôn
bài tập hợp lý,bài_tập_hợp_lý
bám sát,bám_sát
bánh âm ấm,bánh_âm_ấm
bánh ẩm,bánh_ẩm
banh cái lỗ tai,banh_cái_lỗ_tai
banh cái lốp xe,banh_cái_lốp_xe
bánh dở,bánh_dở
bánh kem đẹp,bánh_kem_đẹp
bánh kem độc và lạ,bánh_kem_độc_và_lạ
bánh kem lạ,bánh_kem_lạ
bánh không ngon,bánh_không_ngon
banh lòi con mắt,banh_lòi_con_mắt
bánh mới,bánh_mới
banh não,banh_não
banh nóc,banh_nóc
bảnh nữa,bảnh_nữa
banh ngực,banh_ngực
banh ta lông,banh_ta_lông
banh trời,banh_trời
bao ảo,bao_ảo
bao ấm,bao_ấm
báo cáo,báo_cáo
bão dữ dội,bão_dữ_dội
bao đẹp,bao_đẹp
bão giá,bão_giá
bão hòa,bão_hòa
bão táp socola,bão_táp_socola
bảo trọng,bảo_trọng
bão xong,bão_xong
bay lả tả,bay_lả_tả
bay lum la,bay_lum_la
bay mất,bay_mất
bay mù mịt,bay_mù_mịt
bay phà,bay_phà
bay ra bảo,bay_ra_bảo
bay thẳng vào mặt,bay_thẳng_vào_mặt
bay vào,bay_vào
bay vô,bay_vô
bặm trơn,bặm_trơn
bắn súng,bắn_súng
bắt ăn,bắt_ăn
bắt người,bắt_người
bẩn kinh,bẩn_kinh
bây bẫy,bây_bẫy
bẫy khách,bẫy_khách
bẻ bàng,bẻ_bàng
bèo bèo,bèo_bèo
béo ngậy,béo_ngậy
béo ngon,béo_ngon
bèo nhất,bèo_nhất
béo ơi là béo,béo_ơi_là_béo
bèo quá,bèo_quá
béo quá,béo_quá
béo,béo
bẹp lép,bẹp_lép
best,best
bể bụng,bể_bụng
bể cả bụng,bể_cả_bụng
bể cá,bể_cá
bể cua,bể_cua
bể ghẹ,bể_ghẹ
bể nuôi cá,bể_nuôi_cá
bể nước,bể_nước
bể tạo sóng,bể_tạo_sóng
bị bẫy,bị_bẫy
bị bể,bị_bể
bị bỏ hoang,bị_bỏ_hoang
bị cấm,bị_cấm
bị ghiền,bị_ghiền
bị mềm,bị_mềm
bị ngọt,bị_ngọt
bị say,bị_say
bị váng béo,bị_váng_béo
biệt vô âm tín,biệt_vô_âm_tín
bỏ áo ra,bỏ_áo_ra
bỏ tiền,bỏ_tiền
bóng bẫy,bóng_bẫy
bong tróc,bong_tróc
bớt bị nhũn,bớt_bị_nhũn
bức bí,bức_bí
bực quá,bực_quá
cà lơ ất ơ,cà_lơ_ất_ơ
cà phê ấm,cà_phê_ấm
cái ạch,cái_ạch
cái ầm,cái_ầm
cái bẫy,cái_bẫy
cái bẹp,cái_bẹp
cam ấm,cam_ấm
cảm giác ấm,cảm_giác_ấm
cay ấm,cay_ấm
cay vừa,cay_vừa
cắt giầy,cắt_giầy
cắt mỏng,cắt_mỏng
cần kiệm liêm chính,cần_kiệm_liêm_chính
có bão,có_bão
có đúng,có_đúng
có hồn,có_hồn
có khe hỡ,có_khe_hỡ
có lệ,có_lệ
có ruồi,có_ruồi
cọc cằn,cọc_cằn
cóc thèm,cóc_thèm
coi trọng điểm số,coi_trọng_điểm_số
coming back,coming_back
còn ẩm,còn_ẩm
còn ấm,còn_ấm
còn bèo,còn_bèo
còn đâu,còn_đâu
còn ghé,còn_ghé
còn thèm,còn_thèm
cống thoát nước,cống_thoát_nước
cơm dẻo,cơm_dẻo
cơn bão,cơn_bão
cũng bị,cũng_bị
cũng đi,cũng_đi
cũng hay,cũng_hay
cứ thoải mái mà báo,cứ_thoải_mái_mà_báo
cực chất lượng,cực_chất_lượng
cực dai,cực_dai
cực hay,cực_hay
cực lâu,cực_lâu
cực tốt,cực_tốt
cưng cáp,cưng_cáp
cưng lắm,cưng_lắm
cười ầm,cười_ầm
cười cười,cười_cười
chan hòa,chan_hòa
chạy qua chạy lại,chạy_qua_chạy_lại
chắc khó,chắc_khó
chắc phải,chắc_phải
chằm bặm,chằm_bặm
chăn ấm,chăn_ấm
chẳng biết,chẳng_biết
chẳng làm,chẳng_làm
chẳng lo,chẳng_lo
chẳng ngon,chẳng_ngon
chẳng thấy,chẳng_thấy
chặt chém,chặt_chém
chậm ác,chậm_ác
chật ẩm,chật_ẩm
châu âu,châu_âu
chém ác,chém_ác
chèm bẹp,chèm_bẹp
chết đói,chết_đói
chết được,chết_được
chỉ có,chỉ_có
chỉ là,chỉ_là
chỉ nói,chỉ_nói
chỉ tốn,chỉ_tốn
chín đều,chín_đều
chịu không nổi,chịu_không_nổi
cho 1 điểm,cho_1_điểm
cho 1đ,cho_1đ
cho ấm,cho_ấm
cho bảnh,cho_bảnh
cho đều và ẩm,cho_đều_và_ẩm
cho thêm,cho_thêm
chỗ ẩm,chỗ_ẩm
chỗ ngồi ít,chỗ_ngồi_ít
chờ dài cổ,chờ_dài_cổ
chơi chơi,chơi_chơi
chơi thân,chơi_thân
chua mát,chua_mát
chút nào,chút_nào
chưa bắt đèn,chưa_bắt_đèn
chưa biết ất giáp,chưa_biết_ất_giáp
chưa biết,chưa_biết
chưa có,chưa_có
chưa chạm đất,chưa_chạm_đất
chưa được,chưa_được
chưa hết ngộp,chưa_hết_ngộp
chưa hết,chưa_hết
chưa kể,chưa_kể
chưa kịp,chưa_kịp
chưa nói,chưa_nói
chưa thấy nước,chưa_thấy_nước
chưa thử,chưa_thử
chửi ầm,chửi_ầm
da béo,da_béo
dai bóng,dai_bóng
dai dai,dai_dai
dầu ấm,dầu_ấm
dẻo dẻo,dẻo_dẻo
dẻo nhẹo,dẻo_nhẹo
dẻo vừa phải,dẻo_vừa_phải
dép lào,dép_lào
dễ bay vào,dễ_bay_vào
dễ ngán,dễ_ngán
dễ tìm,dễ_tìm
dịu êm,dịu_êm
dội âm,dội_âm
dơ ẩm,dơ_ẩm
dùng được,dùng_được
dữ lắm,dữ_lắm
dữ thần,dữ_thần
dứt áo ra đi,dứt_áo_ra_đi
đại trà,đại_trà
đáng đồng tiền bát gạo,đáng_đồng_tiền_bát_gạo
đáng đồng tiền,đáng_đồng_tiền
đáng yêu,đáng_yêu
đặt bẹt,đặt_bẹt
đắt tiền,đắt_tiền
đắt thấu trời,đắt_thấu_trời
đậm chất,đậm_chất
đậm hơn,đậm_hơn
đậm mùi,đậm_mùi
đậm vị,đậm_vị
đập bẹp,đập_bẹp
đập bể,đập_bể
đầy ấp,đầy_ấp
đẹp cực,đẹp_cực
đề cập,đề_cập
đến ăn đi,đến_ăn_đi
đi ăn thoai,đi_ăn_thoai
đi qua đi lại,đi_qua_đi_lại
đi xin ăn,đi_xin_ăn
điểm âm,điểm_âm
điểm cộng,điểm_cộng
điều hoà ấm,điều_hoà_ấm
đón gió,đón_gió
đổ ào,đổ_ào
đồ cổ,đồ_cổ
đồ dở,đồ_dở
đồ nóng,đồ_nóng
độc và lạ,độc_và_lạ
đồn ầm,đồn_ầm
đông quá,đông_quá
đỡ đói,đỡ_đói
đơ đơ,đơ_đơ
đỡ được,đỡ_được
đỡ lạt lẽo,đỡ_lạt_lẽo
đợi hơi lâu,đợi_hơi_lâu
đủ ấm,đủ_ấm
đủ đầy,đủ_đầy
đúng không,đúng_không
đúng nghĩa,đúng_nghĩa
đừng ăn thua,đừng_ăn_thua
đừng bao giờ quay lại,đừng_bao_giờ_quay_lại
đừng bao giờ,đừng_bao_giờ
đứng đợi,đứng_đợi
được ẩn,được_ẩn
được chọn,được_chọn
được vô bể,được_vô_bể
ẹ quá,ẹ_quá
ép bánh nhanh,ép_bánh_nhanh
ép khách,ép_khách
ép mình,ép_mình
gài bẫy,gài_bẫy
gần như,gần_như
gọi ầm,gọi_ầm
goi món này mang món nọ,goi_món_này_mang_món_nọ
góp y,góp_y
gừng ấm,gừng_ấm
giá bèo,giá_bèo
giá mềm,giá_mềm
giá ổn,giá_ổn
giá trị ảo,giá_trị_ảo
giọng hát ấm,giọng_hát_ấm
giống bão,giống_bão
giữ ấm siêu lâu,giữ_ấm_siêu_lâu
giữ ấm,giữ_ấm
giữ nhiệt,giữ_nhiệt
giường êm,giường_êm
ham rẻ,ham_rẻ
hết biết,hết_biết
hiện rõ,hiện_rõ
hiệu quả,hiệu_quả
hình ảo,hình_ảo
hình viên đạn,hình_viên_đạn
hòa âm,hòa_âm
hoành tráng,hoành_tráng
hỏi cũng trả lời,hỏi_cũng_trả_lời
hỏi tại sao,hỏi_tại_sao
hở eo,hở_eo
hơi ảo,hơi_ảo
hơi ầm,hơi_ầm
hơi ẩm,hơi_ẩm
hơi ấm,hơi_ấm
hơi bèo,hơi_bèo
hơi cao,hơi_cao
hơi cộc,hơi_cộc
hơi cứng,hơi_cứng
hơi dở,hơi_dở
hơi đắng,hơi_đắng
hơi ít,hơi_ít
hơi lạ,hơi_lạ
hơi nặng,hơi_nặng
hơi ngán,hơi_ngán
hơi ngấy,hơi_ngấy
hơi nhiều,hơi_nhiều
hơi nhỏ,hơi_nhỏ
hơi quá,hơi_quá
hơi sợ,hơi_sợ
hơi tiếc,hơi_tiếc
hơi tối,hơi_tối
hút ánh nhìn,hút_ánh_nhìn
ít khét,ít_khét
ít khi,ít_khi
kem ấm,kem_ấm
kiểm soát,kiểm_soát
kín ấm,kín_ấm
kinh hồn bạt vía,kinh_hồn_bạt_vía
khá ấm,khá_ấm
khá chát,khá_chát
khá đắt,khá_đắt
khá đẹp,khá_đẹp
khá được,khá_được
khá hay,khá_hay
khá là đẹp,khá_là_đẹp
khá là sang,khá_là_sang
khá lâu,khá_lâu
khá ngon,khá_ngon
khá nhỏ,khá_nhỏ
khá rộng,khá_rộng
khá tối,khá_tối
khá tuyệt,khá_tuyệt
khá thơm ẩm ẩm,khá_thơm_ẩm_ẩm
khá vắng vẻ,khá_vắng_vẻ
khác nhau,khác_nhau
khách ăn đông,khách_ăn_đông
khách ăn khách trả tiền,khách_ăn_khách_trả_tiền
khinh khinh,khinh_khinh
kho báu,kho_báu
khó đi,khó_đi
khó hiểu,khó_hiểu
khó tìm,khó_tìm
khói bay,khói_bay
khỏi lầm tưởng,khỏi_lầm_tưởng
không ăn thua,không_ăn_thua
không ấm,không_ấm
không banh ra,không_banh_ra
không bao giờ,không_bao_giờ
không bao nhiêu,không_bao_nhiêu
không bằng,không_bằng
không bèo,không_bèo
không béo,không_béo
không bị bể,không_bị_bể
không bị nồng,không_bị_nồng
không biết,không_biết
không bỏ dính răng,không_bỏ_dính_răng
không bỏ,không_bỏ
không cảm nhận được,không_cảm_nhận_được
không cảm thấy,không_cảm_thấy
không cay,không_cay
không cần ngại,không_cần_ngại
không cần,không_cần
không có cảm giác,không_có_cảm_giác
không có gì bàn,không_có_gì_bàn
không có gì đặc sắc,không_có_gì_đặc_sắc
không có gì gọi là đẹp,không_có_gì_gọi_là_đẹp
không có gì,không_có_gì
không có hết,không_có_hết
không có hợp,không_có_hợp
không có ngán,không_có_ngán
không có ngon,không_có_ngon
không có sẵn,không_có_sẵn
không có vui,không_có_vui
không có,không_có
không còn dẻo,không_còn_dẻo
không còn ngấy,không_còn_ngấy
không còn,không_còn
không chán,không_chán
không chặt,không_chặt
không chê,không_chê
không chỉ,không_chỉ
không cho,không_cho
không chụp,không_chụp
không chút,không_chút
không dám,không_dám
không dễ,không_dễ
không dính răng,không_dính_răng
không đã,không_đã
không đáng,không_đáng
không đem,không_đem
không đến nỗi,không_đến_nỗi
không điểm,không_điểm
không đổi,không_đổi
không đông,không_đông
không đủ no,không_đủ_no
không đủ phê,không_đủ_phê
không đúng,không_đúng
không được,không_được
không free,không_free
không gây ngán,không_gây_ngán
không gây,không_gây
không gọi,không_gọi
không gian ấm,không_gian_ấm
không gian thoáng,không_gian_thoáng
không giao,không_giao
không giòn,không_giòn
không hạp,không_hạp
không hề bị,không_hề_bị
không hề ít,không_hề_ít
không hề ngán,không_hề_ngán
không hề ngấy,không_hề_ngấy
không hề ngon,không_hề_ngon
không hề rẻ,không_hề_rẻ
không hề,không_hề
không hết,không_hết
không hiểu,không_hiểu
không hỏi,không_hỏi
không hổ danh,không_hổ_danh
không kêu,không_kêu
không kịp,không_kịp
không khác,không_khác
không khen,không_khen
không khi nào,không_khi_nào
không làm,không_làm
không lạnh,không_lạnh
không liên quan,không_liên_quan
không lo,không_lo
không mang,không_mang
không mắc,không_mắc
không mấy,không_mấy
không mê,không_mê
không mềm,không_mềm
không mịn,không_mịn
không muốn ăn thua,không_muốn_ăn_thua
không muốn,không_muốn
không nát,không_nát
không nêm,không_nêm
không no,không_no
không nói chuyện,không_nói_chuyện
không nói,không_nói
không nóng,không_nóng
không nổi,không_nổi
không nuốt nổi,không_nuốt_nổi
không ngán,không_ngán
không ngấy,không_ngấy
không nghe,không_nghe
không ngon,không_ngon
không ngờ,không_ngờ
không nhão,không_nhão
không nhạt,không_nhạt
không nhiều,không_nhiều
không như bình luận,không_như_bình_luận
không như quảng cáo,không_như_quảng_cáo
không như,không_như
không những lỗ,không_những_lỗ
không ok,không_ok
không ổn,không_ổn
không ớn,không_ớn
không phải ăn quỵt,không_phải_ăn_quỵt
không phải ấm,không_phải_ấm
không phải chờ,không_phải_chờ
không phai dỡ,không_phai_dỡ
không phải đồ chiên,không_phải_đồ_chiên
không phải đợi,không_phải_đợi
không phải nghĩ,không_phải_nghĩ
không phải,không_phải
không phát biểu,không_phát_biểu
không quay lại,không_quay_lại
không quen,không_quen
không ra gì,không_ra_gì
không rẻ,không_rẻ
không rể,không_rể
không rõ,không_rõ
không sạch,không_sạch
không sai,không_sai
không sao,không_sao
không sống,không_sống
không sợ ngán,không_sợ_ngán
không sợ,không_sợ
không tẩm,không_tẩm
không tiếc,không_tiếc
không tin,không_tin
không tính,không_tính
không tồi,không_tồi
không tốt,không_tốt
không tươi,không_tươi
không thấm,không_thấm
không thật sự,không_thật_sự
không thấy nguội,không_thấy_nguội
không thấy,không_thấy
không thèm,không_thèm
không theo kịp,không_theo_kịp
không theo,không_theo
không thể hiểu,không_thể_hiểu
không thể vào,không_thể_vào
không thì kì,không_thì_kì
không thì,không_thì
không thích,không_thích
không thở,không_thở
không thơm,không_thơm
không thua gì,không_thua_gì
không trả,không_trả
không trúng,không_trúng
không uổng,không_uổng
không ưa,không_ưa
không voucher,không_voucher
không vô,không_vô
không vui,không_vui
không vừa miệng,không_vừa_miệng
không xốp,không_xốp
không xơi được,không_xơi_được
không xuể,không_xuể
không xứng,không_xứng
khơi thông,khơi_thông
la ầm,la_ầm
lạ ấm,lạ_ấm
lạ lạ,lạ_lạ
lại bay ra,lại_bay_ra
làm ầm,làm_ầm
làm việc riêng,làm_việc_riêng
lảng vảng,lảng_vảng
lành lặng,lành_lặng
lạt nhách,lạt_nhách
lạt nhẽo,lạt_nhẽo
lau kỹ,lau_kỹ
lặp lại,lặp_lại
lầm tưởng,lầm_tưởng
lem nha lem nhem,lem_nha_lem_nhem
lèo bèo,lèo_bèo
lẽo bẽo,lẽo_bẽo
leo cây,leo_cây
lên giá,lên_giá
lịch sự,lịch_sự
lo ăn quên chụp hình,lo_ăn_quên_chụp_hình
lo bấm điện thoại,lo_bấm_điện_thoại
lót bụng,lót_bụng
lơ lơ,lơ_lơ
luôn ấm,luôn_ấm
lựa kỹ,lựa_kỹ
lười nấu,lười_nấu
lườm lườm,lườm_lườm
mát lạnh,mát_lạnh
mắc ác,mắc_ác
mặc ấm,mặc_ấm
mắc banh chành,mắc_banh_chành
mắc quá,mắc_quá
mất mùi,mất_mùi
mất rồi,mất_rồi
mất thời gian,mất_thời_gian
mẹ tròn con vuông,mẹ_tròn_con_vuông
menu cũng banh chành,menu_cũng_banh_chành
mê nhất,mê_nhất
mê như điếu đổ,mê_như_điếu_đổ
mềm ẩm,mềm_ẩm
mềm mềm ẩm ẩm,mềm_mềm_ẩm_ẩm
mềm mềm,mềm_mềm
mềm mỏng,mềm__mỏng
mềm và ẩm,mềm_và_ẩm
miếng cơm manh áo,miếng_cơm_manh_áo
mỉm cười,mỉm_cười
mịn và ẩm,mịn_và_ẩm
mò kim đáy bể,mò_kim_đáy_bể
mỏi miệng,mỏi_miệng
mồm chữ o mắt chữ a,mồm_chữ_o_mắt_chữ_a
một đống,một_đống
mờ mờ ảo ảo,mờ_mờ_ảo_ảo
mới ác,mới_ác
mùi ẩm,mùi_ẩm
mùi dầu bay khắp phòng,mùi_dầu_bay_khắp_phòng
mùi mỡ,mùi_mỡ
mùi tanh,mùi_tanh
mùi thuốc bắc,mùi_thuốc_bắc
mụn ẩn,mụn_ẩn
muốn ăn nữa,muốn_ăn_nữa
muốn ăn thua,muốn_ăn_thua
muốn sập,muốn_sập
mưa ầm ầm,mưa_ầm_ầm
mưa bão,mưa_bão
mưa bay bay,mưa_bay_bay
mưa lớn,mưa_lớn
mướt mườn mượt,mướt_mườn_mượt
nam ấm,nam_ấm
nán lại,nán_lại
nắng ấm,nắng_ấm
nâng cao trình độ,nâng_cao_trình_độ
never comeback,never_comeback
never ever back,never_ever_back
never never,never_never
nệm ấm,nệm_ấm
nên đầu tư,nên_đầu_tư
nêu bật,nêu_bật
ninh từ xương,ninh_từ_xương
no ách,no_ách
no ặc cổ,no_ặc_cổ
no ặc,no_ặc
no banh bụng,no_banh_bụng
no bành bụng,no_bành_bụng
no banh chành,no_banh_chành
no banh họng,no_banh_họng
no bành họng,no_bành_họng
no bể bụng,no_bể_bụng
no bụng gì méo,no_bụng_gì_méo
no căng bụng,no_căng_bụng
no,no
nói chuyện nhiều,nói_chuyện_nhiều
nói nhanh,nói_nhanh
nóng ấm,nóng_ấm
nở bành,nở_bành
nước ấm,nước_ấm
nước bể,nước_bể
nước đổ đầu vịt,nước_đổ_đầu_vịt
ngập tràn khói,ngập_tràn_khói
nghỉ ăn rồi,nghỉ_ăn_rồi
ngó lơ,ngó_lơ
ngoan cực,ngoan_cực
ngon ác,ngon_ác
ngon banh xác,ngon_banh_xác
ngon lắm,ngon_lắm
ngon nhất,ngon_nhất
ngon thần kỳ,ngon_thần_kỳ
ngọt ấm,ngọt_ấm
ngồi ấm,ngồi_ấm
ngồi yên,ngồi_yên
nguội ngơ,nguội_ngơ
người âm,người_âm
nhà ấm,nhà_ấm
nha dơ,nha_dơ
nhạc không lời,nhạc_không_lời
nhào tới,nhào_tới
nhếch môi,nhếch_môi
nhiều thịt,nhiều_thịt
nhìn ấm,nhìn_ấm
nhìn bảnh,nhìn_bảnh
nhỏ chật,nhỏ_chật
nhỏ đẹp,nhỏ_đẹp
nhỏ lắm,nhỏ_lắm
nhỏ nhỏ,nhỏ_nhỏ
nhỏ ven đường,nhỏ_ven_đường
nhỏ xinh,nhỏ_xinh
nhọc công,nhọc_công
như mong đợi,như_mong_đợi
như quán ngoài đường,như_quán_ngoài_đường
nhức banh đầu,nhức_banh_đầu
ong bay vào,ong_bay_vào
ôm ẵm,ôm_ẵm
ổn ấm,ổn_ấm
ổn thỏa,ổn_thỏa
phải bàn,phải_bàn
phải báo trước,phải_báo_trước
phải có,phải_có
phải đợi,phải_đợi
phải ngồi bẹp,phải_ngồi_bẹp
phải tới,phải_tới
phải thuê,phải_thuê
phanh áo,phanh_áo
phân biệt đối xử,phân_biệt_đối_xử
phòng cũ,phòng_cũ
phòng ốc nhỏ,phòng_ốc_nhỏ
phục vụ bèo,phục_vụ_bèo
phục vụ kém,phục_vụ_kém
quá bèo,quá_bèo
quá đắt,quá_đắt
quá đông,quá_đông
quá lâu,quá_lâu
quá ngọt,quá_ngọt
quá ồn ào,quá_ồn_ào
quán ấm,quán_ấm
quay lại,quay_lại
quăng ầm,quăng_ầm
quấy banh chành,quấy_banh_chành
rắn rít,rắn_rít
rất ấm,rất_ấm
rất bèo,rất_bèo
rất chán,rất_chán
rất dở,rất_dở
rất hôi,rất_hôi
rất là độc,rất_là_độc
rất lớn,rất_lớn
rất mềm,rất_mềm
rất ngon béo,rất_ngon_béo
rất ngon,rất_ngon
rất ngộp,rất_ngộp
rất rộng,rất_rộng
rất sang,rất_sang
rất tốt,rất_tốt
rất tươi,rất_tươi
rất thoáng,rất_thoáng
rất thường,rất_thường
rất xinh,rất_xinh
rẻ bèo,rẻ_bèo
riêng chất,riêng_chất
rõ nét,rõ_nét
rộng ấm,rộng_ấm
ruồi bay khắp nơi,ruồi_bay_khắp_nơi
rút kinh nghiệm,rút_kinh_nghiệm
sale 0ff,sale_0ff
sale ầm đùng,sale_ầm_đùng
sáng ấm,sáng_ấm
sang chảnh,sang_chảnh
sau bão,sau_bão
sắp gãy,sắp_gãy
sập bẫy,sập_bẫy
sẽ ghé,sẽ_ghé
sẽ thử,sẽ_thử
siêu ẩu,siêu_ẩu
siêu dễ thương,siêu_dễ_thương
siêu hay,siêu_hay
siêu lâu,siêu_lâu
siêu sạch,siêu_sạch
sỏi đá,sỏi_đá
số zách,số_zách
sống ảo,sống_ảo
sơn hào hải vị,sơn_hào_hải_vị
sưởi ấm,sưởi_ấm
sướng miệng,sướng_miệng
tận nơi,tận_nơi
tấp vào mặt,tấp_vào_mặt
tè le,tè_le
tèm bẹp,tèm_bẹp
tệ ác,tệ_ác
tệ nhất,tệ_nhất
tếu thiệt chứ,tếu_thiệt_chứ
tiếc lời,tiếc_lời
tiết mặn,tiết_mặn
tim bay chíu chíu,tim_bay_chíu_chíu
to ầm,to_ầm
to bành ki,to_bành_ki
to lắm,to_lắm
tỏ thái độ,tỏ_thái_độ
toàn bay vô,toàn_bay_vô
toàn là thịt,toàn_là_thịt
tối ẩm,tối_ẩm
tội đồ,tội_đồ
tối mù,tối_mù
tới muộn,tới_muộn
tụi bây,tụi_bây
tụm năm tụm ba,tụm_năm_tụm_ba
từ a tới z,từ_a_tới_z
tự canh,tự_canh
tự học,tự_học
tự kỷ,tự_kỷ
tức anh ách,tức_anh_ách
tức quá,tức_quá
tươi ẩm,tươi_ẩm
tươi mới,tươi_mới
tường nứt,tường_nứt
tưởng nhỏ,tưởng_nhỏ
tý chút,tý_chút
thả ga,thả_ga
thái mỏng,thái_mỏng
thành bão,thành_bão
thảo dược ấm,thảo_dược_ấm
thao thao bất tuyệt,thao_thao_bất_tuyệt
thằng bại não,thằng_bại_não
thẳng mặt,thẳng_mặt
thâm thúy,thâm_thúy
thật đẹp,thật_đẹp
thật hay ảo,thật_hay_ảo
thật là,thật_là
thật tiếc,thật_tiếc
thật tuyệt,thật_tuyệt
thấy ấm,thấy_ấm
thấy ghét,thấy_ghét
thây rẽ chứ không rẽ,thây_rẽ_chứ_không_rẽ
thấy rẽ,thấy_rẽ
thì ấm,thì_ấm
thì ngủ,thì_ngủ
thích cực,thích_cực
thích nhất,thích_nhất
thiệt chứ,thiệt_chứ
thiếu béo,thiếu_béo
thiếu món dư món,thiếu_món_dư_món
thiếu sức sống,thiếu_sức_sống
thịt nhiều,thịt_nhiều
thịt to,thịt_to
thoắt ẩn,thoắt_ẩn
thoắt hiện,thoắt_hiện
thôi khỏi,thôi_khỏi
thông báo,thông_báo
thơm ngon,thơm_ngon
thu tiền,thu_tiền
thua xa,thua_xa
thuần việt,thuần_việt
trà ẩm,trà_ẩm
trà ấm,trà_ấm
trải nghiệm,trải_nghiệm
tránh ánh nắng,tránh_ánh_nắng
tránh bão,tránh_bão
tránh khỏi,tránh_khỏi
tránh lãng phí,tránh_lãng_phí
trầm ấm,trầm_ấm
trầm dầm,trầm_dầm
trên trời dưới bể,trên_trời_dưới_bể
tri ân,tri_ân
trọng nam khinh nữ,trọng_nam_khinh_nữ
trốn học,trốn_học
trợn tròn,trợn_tròn
truyền thụ,truyền_thụ
trước bão,trước_bão
uống mún banh họng,uống_mún_banh_họng
ứ ự,ứ_ự
ưng banh xác,ưng_banh_xác
ướt áo,ướt_áo
ướt hết áo,ướt_hết_áo
ướt nhẹp,ướt_nhẹp
vai ác,vai_ác
vàng ấm,vàng_ấm
váng bẩn,váng_bẩn
vào mặt,vào_mặt
vẫn ấm,vẫn_ấm
viêm họng,viêm_họng
vò đầu,vò_đầu
vớt vát,vớt_vát
vừa ăn,vừa_ăn
vừa ấm,vừa_ấm
vừa béo,vừa_béo
vừa đủ,vừa_đủ
vừa êm,vừa_êm
vừa ngon,vừa_ngon
vừa tối vừa âm u,vừa_tối_vừa_âm_u
vừa thôi,vừa_thôi
vừa thơm,vừa_thơm
vừa uống,vừa_uống
vươn lên,vươn_lên
vượt ải,vượt_ải
wont comeback,wont_comeback
xao lãng,xao_lãng
xăm trổ,xăm_trổ
xì một cái,xì_một_cái
xoàng xoàng,xoàng_xoàng
xôi ngon,xôi_ngon
xốp nhẹ,xốp_nhẹ
xúc tích,xúc_tích
y chang,y_chang
yêu cực,yêu_cực
