Word,Score
?,-1
_anxious_face_with_sweat_,-1
_anger_symbol_,-1
_angry_face_,-1
_angry_face_with_horns_,-1
_anguished_face_,-1
_astonished_face_,-1
_backhand_index_pointing_down_,-1
_backhand_index_pointing_left_,-1
_backhand_index_pointing_up_,1
_balloon_,1
_beaming_face_with_smiling_eyes_,1
_beating_heart_,1
_blossom_,1
_blue_heart_,1
_bomb_,-1
_bouquet_,1
_broken_heart_,-1
_bust_in_silhouette_,-1
_cancer_,-1
_cat_face_,-1
_cat_with_tears_of_joy_,-1
_clapping_hands_,1
_collision_,-1
_confounded_face_,-1
_confounded_face_hugely_,-1
_confused_face_,-1
_cross_mark_,-1
_cross_mark_button_,-1
_crown_,1
_crying_cat_,-1
_crying_face_,-1
_cyclone_,-1
_check_mark_,1
_check_mark_button_,1
_dashing_away_,-1
_disappointed_face_,-1
_downcast_face_with_sweat_,-1
_end_arrow_,-1
_enraged_face_,-1
_expressionless_face_,-1
_face_blowing_a_kiss_,1
_face_savoring_food_,1
_face_savouring_delicious_food_,1
_face_throwing_a_kiss_,1
_face_with_cold_sweat_,-1
_face_with_head_bandage_,-1
_face_with_head-bandage_,-1
_face_with_look_of_triumph_,1
_face_with_medical_mask_,1
_face_with_open_mouth_and_cold_sweat_,-1
_face_with_steam_from_nose_,-1
_face_with_stuck_out_tongue_and_winking_eye_,1
_face_with_tears_of_joy_,1
_face_with_tongue_,1
_face_with_thermometer_,-1
_fast_down_button_,-1
_fearful_face_,-1
_fireworks_,1
_flexed_biceps_,1
_foggy_,-1
_frowning_face_,-1
_gem_stone_,1
_green_heart_,1
_grimacing_face_,-1
_grinning_cat_,1
_grinning_cat_with_smiling_eyes_,1
_grinning_face_,1
_grinning_face_with_big_eyes_,1
_grinning_face_with_smiling_eyes_,1
_grinning_face_with_sweat_,1
_grinning_squinting_face_,1
_growing_heart_,1
_heart_decoration_,1
_heart_suit_,1
_heart_with_arrow_,1
_heart_with_ribbon_,1
_hugging_face_,1
_hundred_points_,1
_index_pointing_up_,1
_jack_o_lantern_,-1
_kiss_,1
_kiss_mark_,1
_kissing_cat_,1
_kissing_face_,1
_kissing_face_with_closed_eyes_,1
_kissing_face_with_smiling_eyes_,1
_loudly_crying_face_,-1
_love_hotel_,1
_love_letter_,1
_minus_,-1
_money_mouth_face_,1
_money_with_wings_,-1
_money-mouth_face_,1
_mouth_,-1
_ok,1
_ok_hand_,1
_party_popper_,1
_pensive_face_,-1
_persevering_face_,1
_person_gesturing_ok_,1
_person_pouting_,-1
_person_raising_hand_,1
_pig_face_,-1
_pig_nose_,-1
_pouting_face_,-1
_prohibited_,-1
_purple_heart_,1
_raised_fist_,-1
_raised_hand_,1
_raising_hands_,1
_red_exclamation_mark_,-1
_red_heart_,1
_relieved_face_,1
_revolving_hearts_,1
_right_arrow_,1
_rose_,1
_sad_but_relieved_face_,-1
_see_no_evil_monkey_,-1
_skull_,-1
_sleeping_face_,-1
_sleepy_face_,-1
_slightly_frowning_face_,-1
_slightly_smiling_face_,1
_smiling_cat_with_heart_eyes_,1
_smiling_face_,1
_smiling_face_with_halo_,1
_smiling_face_with_heart_eyes_,1
_smiling_face_with_heart_shaped_eyes_,1
_smiling_face_with_heart-eyes_,1
_smiling_face_with_horns_,1
_smiling_face_with_open_hands_,1
_smiling_face_with_open_mouth_,1
_smiling_face_with_open_mouth_and_cold_sweat_,1
_smiling_face_with_open_mouth_and_smiling_eyes_,1
_smiling_face_with_open_mouth_and_tightly_closed_eyes_,1
_smiling_face_with_smiling_eyes_,1
_smiling_face_with_sunglasses_,1
_smirking_face_,-1
_sparkler_,1
_sparkles_,1
_sparkling_heart_,1
_speak_no_evil_monkey_,-1
_squinting_face_with_tongue_,1
_sunflower_,1
_tired_face_,-1
_tongue_,-1
_two_hearts_,1
_thinking_face_,1
_thumbs_down_,-1
_thumbs_up_,1
_unamused_face_,-1
_up_arrow_,1
_up_left_arrow_,1
_up_right_arrow_,1
_victory_hand_,1
_weary_cat_,-1
_weary_face_,-1
_winking_face_,1
_winking_face_with_tongue_,1
_worried_face_,-1
_wrapped_gift_,1
_yellow_heart_,1
_zipper_mouth_face_,-1
_zipper-mouth_face_,-1
0_điểm,-1
10_điểm,1
am_hiểu,1
an_toàn,1
ảnh_hưởng,-1
ảo,-1
áp_đặt,-1
áp_lực,-1
áp_sát,-1
ăn_khớp,1
ăn_nhập,1
ăn_theo,-1
ăn_ý,1
ấm_áp,1
ậm_ừ,-1
ân_cần,1
ấn_tượng,1
bài_bản,1
bài_tập_hợp_lý,1
bám_sát,1
bao_cấp,-1
bao_che,-1
bảo_đảm,1
bao_quát,1
bảo_thủ,-1
bảo_trì,1
băn_khoăn,-1
bắt,-1
bắt_bẻ,-1
bắt_buộc,-1
bắt_nhịp,1
bẩn,-1
bận,-1
bận_rộn,-1
bâng_quơ,-1
bất_bình_thường,-1
bất_cập,-1
bất_công,-1
bất_chợt,-1
bất_đạt,-1
bất_kỳ_công_nghệ_cụ_thể,-1
bất_khả_kháng,-1
bất_lợi,-1
bất_mãn,-1
bất_ngờ,-1
bất_tiện,-1
bé,-1
béo,-1
béo_quá,-1
best,1
bề_mặt,-1
bề_ngoài,-1
bí,-1
bị,-1
bí_hiểm_em,-1
biến_cố,-1
biện_hộ,-1
biện_pháp,1
biết,1
biết_đâu,1
biết_điều,1
biệt_tích,-1
bình_dân,-1
bỏ,-1
bỏ_bê,-1
bỏ_cuộc,-1
bỏ_qua,-1
bó_tay,-1
bỏ_tiền,-1
bổ,1
bổ_ích,1
bổ_sung,1
bổ_túc,1
bổ_trợ,1
bổ_trợ_lý_thuyết,1
bồi_bổ,1
bồi_dưỡng,1
bối_rối,-1
bổn_phận,1
bỡ_ngỡ,-1
bớt,-1
bù,-1
bụi,-1
bụi_bặm,-1
buộc,-1
buồn,-1
buồn_cười,-1
buồn_ngủ,-1
buồn_tẻ,-1
bự,1
bực_mình,-1
bức_xúc,-1
bưng,-1
cá_biệt,-1
cách_nhiệt_huyết,1
cách_nhiệt_tình,1
cải_cách,1
cải_tiến,1
cải_thiện,1
cảm_hứng,1
cam_kết,1
cảm_ơn,1
cam_tâm,1
cảm_tình,1
cảm_tính,-1
cảm_xúc,1
cạn_lời,-1
cảnh_cáo,-1
cao,1
cao_cấp,1
cao_kiến_thức,1
cao_siêu,-1
cao_su,-1
cao_trào,1
cao_trình_độ,-1
cao_trình_độ_sinh_viên,-1
cáu_gắt,-1
càu_nhàu,-1
cày_cuốc,-1
cặn_kẽ,1
căng,-1
căng_thẳng,-1
cắt,-1
cắt_giảm,-1
cấm,-1
cần,-1
cân_bằng,1
cần_cập,-1
cân_đối,1
cần_kiệm_liêm_chính,1
cân_nhắc,1
cẩn_thận,1
cần_thiết,1
cần_thiết_kế,-1
cần_thiết_thực,-1
cần_thiết_thực_sự,1
cân_xứng,1
cập_nhật,1
cấp_tiến,1
cẩu_thả,-1
có,1
có_hạn,-1
có_học,1
có_hồn,1
có_ích,1
có_lẽ,-1
có_lệ,-1
có_mặt,1
cọc,-1
coi_trọng_điểm,-1
coi_trọng_điểm_số,-1
copy,-1
cố_chấp,-1
cố_định,-1
cô_đọng,1
cố_gắng,1
cổ_hủ,-1
cộc lốc,-1
công_bằng,1
công_minh,1
công_nghệ_được,1
công_tâm,1
cốt_lõi,1
cơ_hội,1
cơ_hội_thao_tác,1
cởi_mở,1
crack,-1
cũ,-1
cũ_kỹ,-1
cụ_thể,1
cụ_thể_hóa,1
cụ_thể_nào,-1
cùi,-1
cũng_bị,-1
cung_cấp,1
củng_cố,1
cũng_hay,1
cuốn,-1
cuốn_chiếu,1
cuốn_hút,1
cúp,-1
cute,1
cứ,-1
cực,-1
cực_hay,1
cực_hình,-1
cực_khổ,-1
cực_tốt,1
cứng,-1
cứng_nhắc,-1
cứng_rắn,1
cười,1
cười_duyên,1
chàn,-1
chán,-1
chán_chường,-1
chán_nản,-1
chay,-1
chạy,-1
chắc,1
chắc_chắn,1
chăm,1
chăm_chỉ,1
chăm_chú,1
chăm_chút,1
chăm_lo,1
chặn,-1
chẵn_lẻ,-1
chẳng,-1
chẳng_biết,-1
chăng_nữa,-1
chắp_vá,-1
chặt,1
chặt_chẽ,1
chặt_chém,-1
chắt_lọc,1
chậm,-1
chấm_dứt,1
chậm_rãi,1
chậm_trễ,-1
chấn_chỉnh,1
chân_thành,1
chập_chờn,-1
chấp_nhận,1
chất,1
chật,-1
chật_chội,-1
chất_lượng,1
che,-1
chém,-1
chéo,-1
chê,-1
chế,-1
chê_bai,-1
chê_trách,-1
chênh_lệch,-1
chết,-1
chết_đuối,-1
chỉ,-1
chỉ_bảo,1
chỉ_có,-1
chi_chít,-1
chỉ_dẫn,1
chỉ_dẫn_nhiệt_tình,1
chỉ_điểm_danh,-1
chỉ_là,-1
chỉ_làm,-1
chỉ_nói,-1
chi_phí,-1
chi_tiết,1
chỉ_thực_hành,-1
chia_sẻ,1
chiếm,-1
chiêm_nghiệm,1
chiêu,1
chiều,1
chính,1
chính_đáng,1
chỉnh_đốn,-1
chỉnh_sửa,-1
chính_thống,1
chính_xác,1
chịu,-1
chịu_khó,1
chịu_thua,-1
cho_cùng,-1
cho_dù,-1
cho_thêm,1
choáng,-1
choáng_ngợp,-1
chói,-1
chọn_lọc,1
chóng_mặt,-1
chót,-1
chồng_chéo,-1
chốt,1
chờ,-1
chớ,-1
chơi,1
chơi_đểu,-1
chơi_nhỏ,-1
chơi_thân,1
chu_đáo,1
chủ_động,1
chủ_quan,-1
chú_tâm,1
chú_trọng,1
chú_ý,1
chủ_yếu,1
chuẩn,1
chuẩn_bị,1
chuẩn_hóa,1
chuẩn_mực,1
chuẩn_xác,1
chúc,1
chui,-1
chung_chung,-1
chuột_bạch,-1
chút_nào,-1
chút_xíu,-1
chuyên,1
chuyên_cần,1
chuyển_đổi,1
chuyên_môn,1
chuyên_nghiệp,1
chuyên_sâu,1
chuyên_tâm,1
chưa,-1
chữa,-1
chưa_biết,-1
chưa_có,-1
chưa_được,-1
chưa_hết,-1
chưa_kể,-1
chưa_kịp,-1
chưa_nói,-1
chửi,-1
chửi_mắng,-1
dã_ngoại,1
dài,-1
dài_dòng,-1
dám,1
dàn_trải,-1
dạt,-1
dày,-1
dày_đặc,-1
dặn_dò,1
dẫn_chứng_minh_hoạ,1
dẫn_chứng_thực_tế,1
dẫn_dắt,1
dần_dần,1
dầy,-1
deadline,-1
dealine,-1
dễ,1
dễ_chịu,1
dễ_dãi,-1
dễ_dàng,1
dễ_hiểu,1
dễ_tiếp_thu,1
dễ_tìm,1
dễ_tính,1
dễ_thở,1
dễ_thương,1
dí_dỏm,1
dọa,-1
dọn_dẹp,1
dồi_dào,1
dồn,-1
dồn_dập,-1
dông_dài,-1
dơ,-1
dở,-1
dở_tệ,-1
dời,-1
dù_sao,-1
dục,-1
dùm,-1
dùng_được,1
duy_nhất,1
duy_trì,1
duyệt,1
dư,1
dữ,-1
dư_dả,1
dư_thừa,-1
dừng,-1
dưới,-1
dứt_khoát,1
đa_cấp,-1
đa_dạng,1
đa_dạng_hóa,1
đại,-1
đại_trà,1
đảm_bảo,1
đảm_bảo_an_toàn,1
đam_mê,1
đảm_nhận,1
đan_xen,1
đáng,1
đáng_giá,1
đáng_kể,1
đánh_đố,-1
đánh_đồng,-1
đạo_đức,1
đảo_lộn,-1
đào_sâu,1
đáp_ứng,1
đạt,1
đau,-1
đau_đầu,-1
đặc_biệt,1
đặc_thù,1
đắng,-1
đắt_tiền,-1
đâm_ra,-1
đậu,1
đấu_tranh,1
đầy_đủ,1
đẩy_mạnh,1
đè,-1
đẻ,-1
đẹp,1
đẹp_trai,1
đề_cập,1
đề_nghị,-1
đề_nghị_trường,-1
đề_xuất,-1
để_ý,-1
đến_nỗi,-1
đều,1
đều_đặn,1
đi_qua_đi_lại,-1
đi_sâu,1
điểm_cao,1
điểm_cộng,1
điểm_chuẩn_xác,1
điểm_danh,-1
điển_hình,1
điển_hình_như,1
điều_chỉnh,-1
điều_chỉnh_trang,-1
đĩnh_đạc,1
định_hình,1
định_hướng,1
đoàn_kết,1
đòi,-1
đói,-1
đòi_hỏi,-1
đóng_góp,1
đóng_góp_phần_lớn,1
đóng_góp_ý_kiến,1
đổ,-1
đố,-1
đổ_lỗi,-1
độc_đáo,1
độc_đoán,-1
độc_hại,-1
đốc_thúc,1
đôi_chút,-1
đổi_mới,1
đối_phó,-1
đối_phó_nổi,1
đối_xử,-1
đông,-1
đồng_bộ,1
động_cơ_học_tập,1
đồng_đều,1
đông_đủ,1
đồng_loạt,1
động_năng_nổ,-1
đồng_nhất,1
đồng_tình,1
động_viên,1
đồng_ý,1
đột_ngột,-1
đột_xuất,-1
đơ,-1
đỡ,1
đợi,-1
đơn_giản,1
đơn_giản_hóa,1
đơn_thuần,-1
đủ,1
đùa,-1
đúc_kết,1
đúng,1
đụng,-1
đúng_đắn,1
đuổi,-1
đuối,-1
đừng,-1
đứng_đợi,-1
được,1
được_chọn,1
đứt,-1
e_ngại,-1
ép,-1
ép_buộc,-1
êm,-1
failse,-1
famous,1
fan,1
feed,-1
free,1
full,-1
funny,1
gánh,-1
ganh_đua,1
gay_gắt,-1
gắn_bó,1
gắn_kết,1
gắt,-1
gắt_gao,-1
gần,1
gần_gũi,1
gấp,-1
gấp_gáp,-1
gấp_rút,-1
gây,-1
gầy,-1
gây_mê,-1
gây_rối,-1
gây_sự,-1
ghen,-1
ghét,-1
ghê,-1
ghi_điểm,1
gò_bó,-1
gò_ép,-1
gọn,1
gọn_gàng,1
good,1
góp_ý,1
góp_ý_kiến,1
gỡ_rối,1
gợi_mở,1
gợi_ý,1
gượng_ép,-1
gương_mẫu,1
già,-1
gia_đình,1
gia_hạn,-1
giả_sử,-1
gia_tăng,1
giá_trị,1
gia_trưởng,-1
giải,1
giải_đáp,1
giải_lao,1
giải_pháp,1
giải_quyết,1
giải_quyết_sinh_viên,1
giải_tán,-1
giải_tỏa,1
giải_thích,1
giải_thưởng,1
giải_trí,1
giảm,-1
giám_sát,1
giám_sát_sinh_viên,1
giám_thị,-1
giảm_thiểu,-1
gián_đoạn,-1
gian_lận,-1
gian_nan,-1
gián_tiếp,-1
giảng_giải,1
giảng_giải_nhiệt_tình,1
giảng_kỹ,1
giành_giật,-1
giàu,1
giận_dỗi,-1
giật,-1
giỏi,1
giọng_điệu,-1
giúp,1
giúp_đỡ,1
giúp_ích,1
giữa_chừng,-1
hạ,-1
hà_khắc,-1
hài_hòa,1
hài_hước,1
hài_lòng,1
ham,1
ham_thích,1
hạn_chế,-1
hạn_hẹp,-1
hàn_lâm,1
hàng_đầu,1
hạnh_phúc,1
hao,-1
hào_hứng,1
hay,1
hay_ho,1
hăng_hái,1
hăng_say,1
hắt,-1
hầm,-1
hâm_mộ,1
hấp_dẫn,1
hầu_như_không,-1
hậu_quả,-1
hết,-1
hết_lòng,1
hết_mình,1
hết_mức,1
hết_mực,1
hết_sức,1
hì,1
hi_hi,1
hi_hi_đồ,1
hi_vọng,-1
hiếm,-1
hiền,1
hiện_đại,1
hiền_lành,1
hiện_rõ,1
hiểu,1
hiểu_biết,1
hiệu_chỉnh,1
hiệu_quả,1
hiệu_quả_thực_hành,1
hiệu_suất,1
hiếu_thắng,-1
hihi,1
hình_thức,-1
hình_thức_hóa,-1
hoà_đồng,1
hoàn_chỉnh,1
hoàn_hảo,1
hoàn_tất,1
hoàn_thành,1
hoàn_thành_công_việc,1
hoàn_thiện,1
hoang_mang,-1
hoạt_bát,1
hoạt_náo,1
học_bổng,1
học_đòi_hỏi,-1
học_hỏi,1
học_tập_hợp_lý,1
học_thuật,1
học_vấn_đề,-1
học_vẹt,-1
hỏi_han,1
hỏi_vặn_vẹo,-1
hóm_hỉnh,1
hỏng,-1
hỏng_hóc,-1
hố_đen,-1
hỗ_trợ,1
hỗ_trợ_giảng,1
hôi,-1
hồi_đáp,1
hồi_hộp,-1
hỗn_loạn,-1
hổng,-1
hở,-1
hơi,-1
hơi_cao,-1
hơi_cứng,-1
hời_hợt,-1
hơi_ít,-1
hơi_nặng,-1
hơi_ngán,-1
hơi_nhiều,-1
hơi_nhỏ,-1
hơi_quá,-1
hơi_sợ,-1
hờn,-1
hơn_nữa,-1
hợp_lý,1
hợp_tác,1
hợp_ý,1
hu_hu,-1
hung_dữ,-1
huống_chi,-1
hụt,-1
hủy,-1
hư,-1
hư_hỏng,-1
hứng,1
hứng_khởi,1
hưng_phấn,1
hứng_thú,1
hưởng,-1
hướng_dẫn,1
hướng_dẫn_giải,1
hướng_dẫn_nhiệt_tình,1
hướng_nghiệp,1
hữu_dụng,1
hữu_ích,1
hy_vọng,1
ích_lợi,1
idol,1
im,-1
im_lặng,-1
ít,-1
ít_khi,-1
ít_khiến,-1
ít_nhất,-1
ít_ra,-1
ké,-1
kém,-1
kéo,-1
kéo_dài,-1
kéo_điểm,-1
kẹo_ngon,1
kẹt,-1
kết_cục,-1
kết_hợp,1
kết_nối,1
kết_quả,1
kết_quả_thực_hành,1
kết_thúc,-1
kích_thích,1
kiểm_duyệt,1
kiếm_hiệp,-1
kiểm_soát,1
kiểm_tra,-1
kiến_nghị,-1
kiên_nhẫn,1
kiên_quyết,1
kiến_thức,1
kiên_trì,1
kiến_trúc,1
kín,-1
kinh,-1
kinh_điển,1
kinh_khủng,-1
kinh_nghiệm,1
kính_trọng,1
kịp,1
kịp_thời,1
kịp_thời_gian,1
kỹ,1
kỹ_càng,1
kỳ_lạ,-1
kỷ_luật,1
kỹ_lưỡng,1
kỹ_năng,1
kỳ_quặc,-1
kỳ_vọng,1
khá,1
khả_dụng,1
khá_hay,1
khá_nhỏ,-1
khả_quan,1
khá_rộng,1
khả_thi,1
khách_quan,1
khắc_phục,-1
khắt_khe,-1
khâm_phục,1
khẩn,-1
khen_thưởng,1
khích_lệ,1
khiếm_khuyết,-1
khiến,-1
khiển_trách,-1
khinh,-1
khó,-1
khó_chịu,-1
khó_dễ,-1
khó_hiểu,-1
khó_khăn,-1
khó_lòng,-1
khó_tìm,-1
khó_tính,-1
khoan_dung,1
khoảng_cách,-1
khóc,-1
khoe,-1
khỏe,1
khỏi,-1
khô,-1
khổ,-1
khô_cứng,-1
khô_khan,-1
không,-1
không_hiểu,-1
không_kích_thích,-1
không_kịp,-1
không_lưu_loát,-1
không_ngờ,-1
không_thể,-1
không_thể_hiện,-1
không_thể_hình_dung,-1
không_thể_nào,-1
không_vận_dụng,-1
khơi_thông,1
khớp,1
khuấy_động,1
khúc_mắc,-1
khủng,-1
khuôn_mẫu,-1
khuya,-1
khuyên,1
khuyên_bảo,1
khuyến_khích,1
khuyến_nghị,-1
khuyên_nhủ,1
khuyên_răn,1
khuyết_điểm,-1
lạ,1
lạc_đề,-1
lạc_đề_dẫn,-1
lạc_hậu,-1
lạc_lõng,-1
lại,-1
làm_biếng,-1
làm_chi,-1
lạm_dụng,-1
làm_giàu,1
làm_khó,-1
làm_quen,1
làm_sao,-1
làm_việc_riêng,-1
lan_man,-1
lãng,-1
lãng_phí,-1
lảng_tránh,-1
lạnh,1
lao_đao,-1
lắc_đầu,-1
lắng_nghe,1
lằng_nhằng,-1
lặp_đi,-1
lặp_khuông,-1
lặp_lại,-1
lặt_vặt,-1
lấn,-1
lẫn_lộn,-1
lập_lờ,-1
lập_tức,1
lâu,-1
lâu_dài,1
lem_nhem,-1
leo,-1
leo_cây,-1
lệ,-1
lê_thê,-1
lệ_thuộc,-1
lệch,-1
lịch_sự,1
liên_hệ,1
liên_hồi,-1
liên_lạc,1
liên_quan,1
liên_tiếp,-1
liên_tục,-1
liều,-1
like,1
linh_động,1
linh_hoạt,1
lĩnh_hội,1
linh_tinh,-1
lo,-1
lo_lắng,-1
lo_sợ,-1
loại_bỏ,-1
loằng_ngoằng,-1
logic,1
lỏng,-1
lòng_vòng,-1
love,1
lố,-1
lỗi,-1
lôi_cuốn,1
lôi_kéo,1
lỗi_thời,-1
lộn_xộn,-1
lồng_ghép,1
lơ,-1
lỡ,-1
lơ_là,-1
lơ_mơ,-1
lời_giải,-1
lời_giải_đáp,1
lợi_ích,1
lớn_lao,1
lớn_tiếng,-1
lớn_tuổi,-1
lủng_củng,-1
lung_tung,-1
lúng_túng,-1
luôn_có,1
lười,-1
lười_biếng,-1
lười_nhác,-1
lướt,-1
lưu_loát,1
lưu_tâm,1
lỳ,-1
lý_giải,1
lý_thú,1
mạch_lạc,1
mang_tiếng,-1
mạnh,1
mạnh_mẽ,1
mạnh_tay,-1
mát,1
mát_mẻ,1
máu_lửa,1
màu_sắc,1
max,1
may,1
may_mắn,1
mày_mò,-1
máy_móc,-1
mặc_kệ,-1
mắng,-1
mắng_chửi,-1
mập_mờ,-1
mất,-1
mất_công,-1
mất_công_bằng,-1
mất_lòng,-1
mất_rồi,-1
mất_thời_gian,-1
mẫu_mực,1
mâu_thuẫn,-1
mẹ_tròn_con_vuông,1
mê,1
mến,1
mệt,-1
mệt_mỏi,-1
miên_man,-1
miệt_mài,1
mỉm_cười,1
minh_bạch,1
minh_hoạ,1
minh_họa,1
miss,-1
mò,-1
mỏi,-1
mòn,-1
mong_khoa,-1
mong_muốn,-1
mô_hình_cụ_thể,1
mồ_hôi,-1
mồi,-1
môn_học_đòi_hỏi,-1
mông_lung,-1
một_chút,-1
một_đống,-1
một_hơi,-1
một_ít,-1
một_lèo,-1
một_mạch,-1
một_mình,-1
một_số_ít,-1
một_số_thành_phần,-1
một_tí,-1
mờ,-1
mơ_hồ,-1
mơ_màng,-1
mờ_nhạt,-1
mở_rộng,1
mời,1
mới,1
mới_lạ,1
mới_mẻ,1
mù,-1
mù_mờ,-1
mục_lặp_đi,-1
muộn,-1
mượn,-1
nản,-1
nản_chí,-1
nán_lại,1
náo_nhiệt,1
nát,-1
này_nọ,-1
nảy_sinh,-1
nắm_bắt,1
nằm_lòng,1
nặng,-1
năng_động,1
nặng_lời,-1
năng_lực,1
năng_lượng,1
nặng_nề,-1
nắng_nóng,-1
năng_nổ,1
nâng,1
nâng_cao_trình_độ,-1
nâng_cấp,1
nâng_cấp_thiết_bị,1
nâng_đỡ,1
nét,1
nên,-1
nên_đầu_tư,-1
nên_hủy,-1
nền_tảng,1
nêu_bật,1
niềm_nở,1
nói_khó,-1
nói_móc,-1
nói_nhanh,-1
nói_nhỏ,-1
nói_suông,-1
nói_thẳng,-1
nói_xấu,-1
nóng,-1
nóng_bức,-1
nóng_nực,-1
nóng_tính,-1
nỗ_lực,1
nổi_bật,1
nổi_tiếng,1
nộp,-1
nợ,-1
nuốt,-1
nửa,-1
nữa,-1
nước_đổ_đầu_vịt,-1
nước_lạnh,-1
nương_tay,1
ngại,-1
ngán,-1
ngang,-1
ngao_ngán,-1
ngay_thẳng,1
ngắn,-1
ngắn_gọn,1
ngắt,-1
ngầm,-1
ngậm_ngùi,-1
ngập,-1
ngập_ngừng,-1
nghèo,-1
nghèo_nàn,-1
nghỉ_ngơi,1
nghiêm,-1
nghiêm_khắc,-1
nghiêm_túc,1
nghiêm_trọng,-1
nghiên_cứu,1
nghiền_ngẫm,-1
ngó_lơ,-1
ngon,1
ngọng,-1
ngọt,1
ngốc,-1
ngồi_yên,-1
ngột_ngạt,-1
ngỡ_ngàng,-1
ngớ_ngẩn,-1
ngợp,-1
ngu,-1
ngủ,-1
ngủ gật,-1
ngủ_gật,-1
nguy_cơ,-1
nguyên_tắc,1
ngựa,-1
ngừng,-1
ngừng_nghỉ,-1
ngược,-1
nhà_trường_hủy_môn,-1
nhảm,-1
nhàm_chán,-1
nhanh,-1
nhanh_chóng,1
nhanh_nhẹn,1
nhạt,-1
nhạt_nhẽo,-1
nhạy_bén,1
nhạy_cảm,-1
nhắc_nhở,-1
nhăn,-1
nhăn_nhó,-1
nhầm,-1
nhầm_lẫn,-1
nhấn_mạnh,1
nhân_văn,1
nhập_nhằng,-1
nhập_tâm,1
nhất_quán,1
nhất_thiết,1
nhẹ,-1
nhẹ_nhàng,1
nhẹ_tay,1
nhí_nhảnh,1
nhiễm,-1
nhiệt_huyết,1
nhiệt_tâm,1
nhiệt_tình,1
nhiệt_tình_yêu,1
nhiệt_thành,1
nhiễu,-1
nhỏ,-1
nho_nhỏ,-1
nhọc_công,-1
nhói,-1
nhồi_nhét,-1
nhồi_sọ,-1
nhờ,-1
nhở,-1
nhớ,1
nhuần_nhuyễn,1
nhúng_tay,-1
như_không,-1
như_mong_đợi,1
như_vầy,-1
như_ý,1
oan,-1
oi_bức,-1
ok,1
omg,-1
ô_nhiễm,-1
ôm_đồm,-1
ồn,-1
ổn,1
ồn_ào,-1
ổn_định,1
ổn_thỏa,1
ớn,-1
perfect,-1
pha_trò,1
pha_trò_cười,1
phải,-1
phải_có,-1
phải_đợi,-1
phản,-1
phản_ánh,-1
phàn_nàn,-1
phản_tác_dụng,-1
phạt,-1
phát_hết,-1
phát_huy,1
phát_sinh,-1
phát_triển,1
phân_biệt_đối_xử,-1
phấn_đấu,1
phân_giải,1
phân_hoá,-1
phấn_khích,1
phấn_khởi,1
phân_tán,-1
phê,1
phế,-1
phê_bình,-1
phí,-1
phiền,-1
phiền_phức,-1
phó_thác,-1
phòng_bị,-1
phòng_cũng_hay,1
phong_độ,1
phong_phú,1
phong_thái,1
phổ_biến,1
phớt_lờ,-1
phù_hợp,1
phù_hợp_nhất,1
phủ_nhận,-1
phụ_thuộc,-1
phức_tạp,-1
phức_tạp_hóa,-1
quá_đà,-1
quá_đông,-1
quá_lâu,-1
qua_loa,-1
quá_lời,-1
quá_ồn_ào,-1
quá_sức,-1
quá_tải,-1
quá_thể,-1
quan_liêu,-1
quan_tâm,1
quát,-1
quát_được,-1
quay_lại,1
quăng,-1
quen_biết,1
quen_thuộc,1
quên,-1
quí,1
quý,1
quý_báu,1
quy_củ,1
quy_chuẩn,1
quý_giá,1
quyết_đoán,1
ra_dáng,1
rác_quá,-1
rách,-1
rải,-1
ráng,-1
ràng_buộc,-1
rảnh,1
rành_mạch,1
rát,-1
rắc_rối,-1
rập_khuôn,-1
rất_chán,-1
rất_rộng,1
rất_tốt,1
rất_thoáng,1
rất_thường,-1
rất_xinh,1
rè,-1
rèn,1
rèn_luyện,1
rõ_nét,1
rõ_ràng,1
rõ_rệt,1
rối,-1
rối_rắm,-1
rối_ren,-1
rộng,1
rộng_lớn,1
rộng_rãi,1
rơi,-1
rời,-1
rời_rạc,-1
rớt,-1
rút_gọn,1
rút_kinh_nghiệm,-1
rườm_rà,-1
sa_đà,-1
sạch,1
sạch_sẽ,1
sai,-1
sài,-1
sai_bảo,-1
sai_khiến,-1
sai_lầm,-1
sai_sót,-1
sản_phẩm_chất_lượng,1
sang,1
sáng,1
sáng_tạo,1
sao_chép,-1
sáo_rỗng,-1
sát_được,1
sát_sao,1
sát_thực_hành,1
sẵn,1
sẵn_lòng,1
sẵn_sàng,1
sâu,1
sâu_rộng,1
sâu_sát,1
sâu_sắc,1
siêng,1
siết,-1
siêu,1
siêu_dễ_thương,1
siêu_hay,1
sinh_động,1
soát_được,1
sót,-1
sôi_động,1
sôi_nổi,1
sống_động,1
sơ,-1
sợ,-1
sợ_hãi,-1
sơ_sài,-1
sơ_sơ,-1
súc_tích,1
sung,1
suôn,-1
suông,-1
sự_cố,-1
sự_cố_gắng,1
sự_thật,1
sự_thực_tế,1
sữa,1
sửa_chữa,1
sửa_đổi,1
sức_khỏe,1
sướng,1
tá_hỏa,-1
tà_la,-1
tả_tơi,-1
tạch,-1
tài,1
tai_nạn,-1
tài_năng,1
tại_sao,-1
tài_trợ,1
tán_thành,1
tao,-1
tạp,-1
tăng,1
tăng_cường,-1
tăng_cường_độ,-1
tăng_tốc_độ,-1
tắt,-1
tầm_cỡ,1
tâm_huyết,1
tấm_lòng,1
tầm_mắt,1
tâm_sự,-1
tâm_trạng,-1
tầm_vóc,1
tấn_công,-1
tận_dụng,1
tận_lực,1
tận_nơi,1
tận_tâm,1
tận_tình,1
tận_tụy,1
tập_trung,1
tập_trung_học,1
tập_trung_liên_tục,1
té,-1
tẻ_nhạt,-1
teamwork,1
teen,1
tê,-1
tế,-1
tệ,-1
tệ_nhất,-1
tế_nhị,1
tết,1
tí,-1
tỉ_mỉ,1
tí_xíu,-1
tích_cực,1
tiếc,-1
tiện,1
tiến_bộ,1
tiện_lợi,1
tiên_tiến,1
tiết_kiệm,1
tiết_lộ,-1
tiêu,-1
tiêu_biểu,1
tiêu_cực,-1
tìm_hiểu,1
tỉnh,1
tình_cảm,1
tinh_giảm,-1
tính_toán,-1
tinh_thần,1
tinh_thần_học,1
tinh_thần_học_hỏi,1
tình_trạng,-1
to,1
tỏ,-1
tò_mò,1
tỏ_thái_độ,-1
toàn_vẹn,1
toi,-1
top,1
tối,-1
tội,-1
tồi_tệ,-1
tối_ưu,1
tồn,-1
tốn,-1
tôn_trọng,1
tổng_quát_được,1
tốt,1
tốt_bụng,1
tốt_đẹp,1
tốt_nghiệp,1
tuân_thủ,1
tùm_lum,-1
tùy_hứng,-1
tùy_thích,-1
tuyệt,1
tuyệt_vời,1
tự_ái,-1
từ_bỏ,-1
từ_chối,-1
tự_chủ,1
tự_chủ_động,-1
tự_do,1
tư_duy,1
tự_giác,1
tự_học,1
tự_lập,1
tự_lực,-1
tự_nhiên,1
tử_tế,1
tự_tin,1
từ_tốn,1
tự_tôn,1
từ_thiện,1
tư_vấn,1
tự_vệ,1
tự_ý,-1
tức,-1
từng_trải,1
tươi,1
tưởng,-1
tưởng_chừng,-1
tương_đối,-1
tương_đối_dài,-1
tường_tận,1
tương_thích,1
tượng_trưng,-1
tý,-1
thà,-1
thách_đố,-1
thách_thức,-1
thái_độ,-1
thảm_họa,-1
than,-1
than_phiền,-1
thành_công,1
thành_đạt,1
thành_tích,1
thành_tựu,1
thành_thạo,1
thành_thật,1
thao_thao_bất_tuyệt,-1
thay_thế,-1
thẳng_tay,-1
thẳng_thắn,1
thấm,1
thậm_chí,-1
thậm_tệ,-1
thấm_thía,-1
thâm_thúy,1
thân_thiện,1
thân_thiết,1
thấp,-1
thất_bại,-1
thật_tuyệt,1
thất_vọng,-1
thấu_hiểu,1
thèm,1
theo_dõi,1
thể_hiện,1
thế_là,-1
thế_thì,-1
thêm,-1
thì_ngủ,-1
thích,1
thích_đáng,1
thích_hợp,1
thích_nghi,1
thích_nhất,1
thích_thú,1
thích_ứng,1
thiện_cảm,1
thiên_vị,-1
thiết_nghĩ,-1
thiệt_thòi,-1
thiết_thực,1
thiếu,-1
thiếu_cập,-1
thiếu_hụt,-1
thiếu_sót,-1
thiếu_thời_gian,-1
thỉnh_cầu,-1
thỉnh_thoảng,-1
thoả_đáng,1
thỏa_đáng,1
thỏa_mãn,1
thỏa_thuận,1
thoải_mái,1
thoáng,1
thô,-1
thô_tục,-1
thông_cảm,1
thông_dụng,1
thông_minh,1
thờ_ơ,-1
thời_sự,1
thụ_động,-1
thu_hút,1
thu_lượm,1
thú_vị,1
thua,-1
thuận_lợi,1
thuận_tiện,1
thuần_thục,1
thúc_đẩy,1
thúc_giục,1
thuộc_lòng,1
thuyết_phục,1
thư_giản,1
thử_hỏi,-1
thử_thách,-1
thừa,-1
thực_chất,-1
thực_lực,1
thực_tế,1
thực_tế_hóa,1
thực_tiễn,1
thức_tỉnh,1
thực_thụ,1
thực_trạng,-1
thương,1
thưởng,1
thương_yêu,1
tra_tấn,-1
trách,-1
trách_nhiệm,-1
trải_nghiệm,1
tràn_đầy,1
tràn_lan,-1
tránh,-1
tranh_cãi,-1
tránh_lãng_phí,-1
tranh_luận,1
trao_đổi,1
trau_chuốt,1
trau_dồi,1
trăn_trở,-1
trầm,-1
trầm_trọng,-1
trâu,1
trẻ,1
trẻ_con,-1
trẻ_trung,1
treo,-1
trễ,-1
trì_hoãn,-1
trí_tuệ,1
tri_thức,1
trình_độ,1
trói_buộc,-1
trọn_vẹn,1
trọng_nam_khinh_nữ,-1
trôi_chảy,1
trốn_học,-1
trông_đợi,-1
trống_không,-1
trợ_giúp,1
trục_trặc,-1
trung_bình,-1
trùng_lắp,-1
trùng_lặp_dạng,-1
trung_thực,1
truyền_cảm,1
truyền_cảm_hứng,1
truyền_thống,-1
truyền_thụ,1
trừ,-1
trực_quan,1
trừng_phạt,-1
trừu_tượng,-1
trừu_tượng_hóa,-1
uể_oải,-1
ủng_hộ,1
uổng,-1
update,1
uyên_bác,1
uyển_chuyển,1
ưa_nhìn,1
ưa_thích,1
ức_chế,-1
ưng_ý,1
ước,-1
ướt_đẫm,-1
vào_mặt,-1
văn_hóa,1
vắng,-1
vắng_mặt,-1
vấn_đề,-1
vấn_đề_bài_học,-1
vấn_đề_bài_tập,-1
vấn_đề_đạt,-1
vận_động,1
vất_vả,-1
vậy_mà,-1
vệ_sinh,1
vì_sao,-1
viết_tay,-1
vinh_dự,1
vinh_hạnh,1
virus,-1
vò_đầu,-1
vòng_vèo,-1
vòng_vo,-1
vòng_vòng,-1
vote,1
vô_bổ,-1
vô_ích,-1
vô_lí,-1
vô_lý,-1
vô_tình,-1
vô_tư,1
vốn_sống,1
vớt_vát,-1
vu_vơ,-1
vui,1
vui_lòng,1
vui_nhộn,1
vui_tính,1
vui_tính_cách,1
vui_tươi,1
vui_vẻ,1
vừa_đủ,1
vừa_phải,1
vừa_ý,1
vững,1
vững_chắc,1
vững_nhiệt_huyết,1
vững_vàng,1
vươn_lên,1
vướng_bận,-1
vướng_mắc,-1
vượt,-1
wtf,-1
xa_lạ,-1
xa_rời,-1
xác_thực_tế,1
xài,-1
xàm,-1
xào,-1
xao_lãng,-1
xáo_trộn,-1
xấu,-1
xem_lại,-1
xem_thường,-1
xem_xét,-1
xem_xét_lại,-1
xin,-1
xin_lỗi,-1
xinh,1
xinh_đẹp,1
xíu,-1
xóa,-1
xuất_sắc,1
xúc_phạm,-1
xúc_tích,1
xung_khắc,-1
xuống,-1
xuống_cấp,-1
xử,-1
xử_lý,-1
xứng_đáng,1
y_chang,-1
ỷ_lại,-1
ý_nghĩa,1
y_như,-1
ý_thức,1
yên_tĩnh,1
yêu,1
yếu,-1
yêu_cầu,-1
yêu_cầu_là,-1
yêu_cầu_môn_học,-1
yêu_cầu_tự,-1
yêu_cầu_vượt,-1
yêu_đương,-1
yếu_kém,-1
yêu_mến,1
yêu_quý,1
yêu_thương,1
